[
  {
    "uml": "France",
    "gm": {
      "lat": 47.8249046208979,
      "lon": 2.61878695312962
    },
    "uol": "France",
    "gop": {
      "lat": 47.8249046208979,
      "lon": 2.61878695312962
    },
    "l": "C#",
    "nwo": "aura-systems/Aura-Operating-System",
    "pr": 135,
    "ma": "2020-12-14 18:35:55.000",
    "oa": "2020-11-02 06:47:28.000"
  },
  {
    "uml": "Texas",
    "gm": {
      "lat": 31.8039734986,
      "lon": -98.8223185136653
    },
    "uol": "Texas",
    "gop": {
      "lat": 31.8039734986,
      "lon": -98.8223185136653
    },
    "l": "TypeScript",
    "nwo": "ionic-team/capacitor",
    "pr": 3778,
    "ma": "2020-12-14 16:35:54.000",
    "oa": "2020-11-08 14:13:48.000"
  },
  {
    "uml": "San Francisco",
    "gm": {
      "lat": 37.7648,
      "lon": -122.463
    },
    "uol": "San Francisco",
    "gop": {
      "lat": 37.7648,
      "lon": -122.463
    },
    "l": "TypeScript",
    "nwo": "hyperledger/cactus",
    "pr": 382,
    "ma": "2020-12-14 19:59:01.000",
    "oa": "2020-11-10 09:31:40.000"
  },
  {
    "uml": "San Francisco",
    "gm": {
      "lat": 37.7648,
      "lon": -122.463
    },
    "uol": "San Francisco",
    "gop": {
      "lat": 37.7648,
      "lon": -122.463
    },
    "l": "TypeScript",
    "nwo": "hyperledger/cactus",
    "pr": 384,
    "ma": "2020-12-14 20:06:40.000",
    "oa": "2020-11-10 11:33:23.000"
  },
  {
    "uml": "South Korea",
    "gm": {
      "lat": 36.5362364654109,
      "lon": 128.168944342317
    },
    "uol": "South Korea",
    "gop": {
      "lat": 36.5362364654109,
      "lon": 128.168944342317
    },
    "l": "C",
    "nwo": "nnstreamer/nnstreamer",
    "pr": 2870,
    "ma": "2020-12-14 16:28:46.000",
    "oa": "2020-11-12 01:58:56.000"
  },
  {
    "uml": "India",
    "gm": {
      "lat": 22.1991660760527,
      "lon": 78.476681027237
    },
    "uol": "India",
    "gop": {
      "lat": 22.1991660760527,
      "lon": 78.476681027237
    },
    "l": "HTML",
    "nwo": "OriginProtocol/origin-website",
    "pr": 560,
    "ma": "2020-12-14 19:23:27.000",
    "oa": "2020-11-14 19:52:50.000"
  },
  {
    "uml": "Manchester",
    "gm": {
      "lat": 53.46667,
      "lon": -2.23333
    },
    "uol": "Illinois",
    "gop": {
      "lat": 40.1492928594,
      "lon": -89.2749461071049
    },
    "l": "Ruby",
    "nwo": "TheOdinProject/ruby-exercises",
    "pr": 18,
    "ma": "2020-12-14 18:16:21.000",
    "oa": "2020-11-23 11:06:52.000"
  },
  {
    "uml": "Paris",
    "gm": {
      "lat": 48.85658,
      "lon": 2.35183
    },
    "uol": "Austria",
    "gop": {
      "lat": 47.6077978292689,
      "lon": 14.3001435907641
    },
    "l": "C++",
    "nwo": "dolphin-emu/dolphin",
    "pr": 9285,
    "ma": "2020-12-14 17:24:17.000",
    "oa": "2020-11-25 17:15:56.000"
  },
  {
    "uml": "Sydney",
    "gm": {
      "lat": -33.868,
      "lon": 151.21
    },
    "uol": "Sydney",
    "gop": {
      "lat": -33.868,
      "lon": 151.21
    },
    "l": "JavaScript",
    "nwo": "Automattic/wp-calypso",
    "pr": 47779,
    "ma": "2020-12-14 17:41:43.000",
    "oa": "2020-11-25 21:51:45.000"
  },
  {
    "uml": "Melbourne",
    "gm": {
      "lat": -37.8142,
      "lon": 144.9632
    },
    "uol": "Melbourne",
    "gop": {
      "lat": -37.8142,
      "lon": 144.9632
    },
    "l": "Java",
    "nwo": "apache/lucene-solr",
    "pr": 2099,
    "ma": "2020-12-14 19:18:10.000",
    "oa": "2020-11-26 21:30:50.000"
  },
  {
    "uml": "Shanghai",
    "gm": {
      "lat": 31.16667,
      "lon": 121.46667
    },
    "uol": "Shanghai",
    "gop": {
      "lat": 31.16667,
      "lon": 121.46667
    },
    "l": "C#",
    "nwo": "neo-project/neo-modules",
    "pr": 414,
    "ma": "2020-12-14 19:10:32.000",
    "oa": "2020-11-27 00:14:45.000"
  },
  {
    "uml": "Sandy Beach - Emerald Beach",
    "gm": {
      "lat": -30.1468,
      "lon": 153.1924
    },
    "uol": "Sandy Beach - Emerald Beach",
    "gop": {
      "lat": -30.1468,
      "lon": 153.1924
    },
    "l": "JavaScript",
    "nwo": "Automattic/wp-calypso",
    "pr": 47849,
    "ma": "2020-12-14 17:10:06.000",
    "oa": "2020-11-29 16:29:12.000"
  },
  {
    "uml": "Ho Chi Minh City",
    "gm": {
      "lat": 10.81667,
      "lon": 106.63333
    },
    "uol": "Ho Chi Minh City",
    "gop": {
      "lat": 10.81667,
      "lon": 106.63333
    },
    "l": "TypeScript",
    "nwo": "flood-io/element",
    "pr": 367,
    "ma": "2020-12-14 18:20:44.000",
    "oa": "2020-11-30 19:42:00.000"
  },
  {
    "uml": "Sydney",
    "gm": {
      "lat": -33.868,
      "lon": 151.21
    },
    "uol": "Sydney",
    "gop": {
      "lat": -33.868,
      "lon": 151.21
    },
    "l": "Handlebars",
    "nwo": "digitalnsw/nsw-design-system",
    "pr": 89,
    "ma": "2020-12-14 16:37:56.000",
    "oa": "2020-11-30 21:47:47.000"
  },
  {
    "uml": "Colorado",
    "gm": {
      "lat": 39.190245999,
      "lon": -105.604997408086
    },
    "uol": "Colorado",
    "gop": {
      "lat": 39.190245999,
      "lon": -105.604997408086
    },
    "l": "Solidity",
    "nwo": "smartcontractkit/solidity-cborutils",
    "pr": 25,
    "ma": "2020-12-14 16:04:36.000",
    "oa": "2020-12-01 11:12:39.000"
  },
  {
    "uml": "Shanghai",
    "gm": {
      "lat": 31.16667,
      "lon": 121.46667
    },
    "uol": "Brazil",
    "gop": {
      "lat": -9.58890301712257,
      "lon": -51.6197890205486
    },
    "l": "HCL",
    "nwo": "Azure/terraform-azurerm-aks",
    "pr": 75,
    "ma": "2020-12-14 20:02:20.000",
    "oa": "2020-12-01 12:08:14.000"
  },
  {
    "uml": "United States",
    "gm": {
      "lat": 39.3812661305678,
      "lon": -97.9222112121185
    },
    "uol": "United States",
    "gop": {
      "lat": 39.3812661305678,
      "lon": -97.9222112121185
    },
    "l": "SystemVerilog",
    "nwo": "lowRISC/opentitan",
    "pr": 4386,
    "ma": "2020-12-14 19:59:16.000",
    "oa": "2020-12-02 17:36:32.000"
  },
  {
    "uml": "Seoul",
    "gm": {
      "lat": 37.58333,
      "lon": 127
    },
    "uol": "Seoul",
    "gop": {
      "lat": 37.58333,
      "lon": 127
    },
    "l": "Swift",
    "nwo": "nugu-developers/nugu-ios",
    "pr": 663,
    "ma": "2020-12-14 19:23:41.000",
    "oa": "2020-12-03 19:16:52.000"
  },
  {
    "uml": "New York City",
    "gm": {
      "lat": 40.7648,
      "lon": -73.9808
    },
    "uol": "New York City",
    "gop": {
      "lat": 40.7648,
      "lon": -73.9808
    },
    "l": "JavaScript",
    "nwo": "xh/hoist-react",
    "pr": 2221,
    "ma": "2020-12-14 17:41:08.000",
    "oa": "2020-12-05 04:52:53.000"
  },
  {
    "uml": "Brazil",
    "gm": {
      "lat": -9.58890301712257,
      "lon": -51.6197890205486
    },
    "uol": "Poland",
    "gop": {
      "lat": 52.1246099075455,
      "lon": 19.30063630556
    },
    "l": "Lua",
    "nwo": "opentibiabr/otservbr-global",
    "pr": 2047,
    "ma": "2020-12-14 17:19:10.000",
    "oa": "2020-12-06 03:56:42.000"
  },
  {
    "uml": "Seoul",
    "gm": {
      "lat": 37.58333,
      "lon": 127
    },
    "uol": "Seoul",
    "gop": {
      "lat": 37.58333,
      "lon": 127
    },
    "l": "Swift",
    "nwo": "nugu-developers/nugu-ios",
    "pr": 667,
    "ma": "2020-12-14 19:23:05.000",
    "oa": "2020-12-06 20:29:20.000"
  },
  {
    "uml": "Redmond",
    "gm": {
      "lat": 47.6694,
      "lon": -122.1239
    },
    "uol": "Redmond",
    "gop": {
      "lat": 47.6694,
      "lon": -122.1239
    },
    "l": "C#",
    "nwo": "dotnet/installer",
    "pr": 9194,
    "ma": "2020-12-14 16:05:06.000",
    "oa": "2020-12-07 11:29:18.000"
  },
  {
    "uml": "California City",
    "gm": {
      "lat": 35.1258,
      "lon": -117.9859
    },
    "uol": "California City",
    "gop": {
      "lat": 35.1258,
      "lon": -117.9859
    },
    "l": "Go",
    "nwo": "gatekeeper/gatekeeper-operator",
    "pr": 76,
    "ma": "2020-12-14 17:55:02.000",
    "oa": "2020-12-07 17:44:35.000"
  },
  {
    "uml": "United States",
    "gm": {
      "lat": 39.3812661305678,
      "lon": -97.9222112121185
    },
    "uol": "United States",
    "gop": {
      "lat": 39.3812661305678,
      "lon": -97.9222112121185
    },
    "l": "SystemVerilog",
    "nwo": "lowRISC/opentitan",
    "pr": 4464,
    "ma": "2020-12-14 17:08:46.000",
    "oa": "2020-12-07 20:10:33.000"
  },
  {
    "uml": "Sydney",
    "gm": {
      "lat": -33.868,
      "lon": 151.21
    },
    "uol": "Ukraine",
    "gop": {
      "lat": 49.3227937844972,
      "lon": 31.3202829593814
    },
    "l": "Swift",
    "nwo": "AlphaWallet/alpha-wallet-ios",
    "pr": 2376,
    "ma": "2020-12-14 18:52:21.000",
    "oa": "2020-12-08 02:23:30.000"
  },
  {
    "uml": "London",
    "gm": {
      "lat": 51.50722,
      "lon": -0.1275
    },
    "uol": "Germany",
    "gop": {
      "lat": 51.1334813439932,
      "lon": 10.0183432948567
    },
    "l": "JavaScript",
    "nwo": "mrdoob/three.js",
    "pr": 20859,
    "ma": "2020-12-14 16:07:21.000",
    "oa": "2020-12-08 13:35:30.000"
  },
  {
    "uml": "San Francisco",
    "gm": {
      "lat": 37.7648,
      "lon": -122.463
    },
    "uol": "San Francisco",
    "gop": {
      "lat": 37.7648,
      "lon": -122.463
    },
    "l": "Shell",
    "nwo": "rust-lang/async-book",
    "pr": 115,
    "ma": "2020-12-14 16:09:24.000",
    "oa": "2020-12-08 19:20:04.000"
  },
  {
    "uml": "Sydney",
    "gm": {
      "lat": -33.868,
      "lon": 151.21
    },
    "uol": "Sydney",
    "gop": {
      "lat": -33.868,
      "lon": 151.21
    },
    "l": "JavaScript",
    "nwo": "keystonejs/keystone",
    "pr": 4540,
    "ma": "2020-12-14 17:27:59.000",
    "oa": "2020-12-08 19:29:07.000"
  },
  {
    "uml": "United States",
    "gm": {
      "lat": 39.3812661305678,
      "lon": -97.9222112121185
    },
    "uol": "United States",
    "gop": {
      "lat": 39.3812661305678,
      "lon": -97.9222112121185
    },
    "l": "TypeScript",
    "nwo": "elastic/kibana",
    "pr": 85369,
    "ma": "2020-12-14 16:23:16.000",
    "oa": "2020-12-08 19:39:20.000"
  },
  {
    "uml": "Seoul",
    "gm": {
      "lat": 37.58333,
      "lon": 127
    },
    "uol": "Seoul",
    "gop": {
      "lat": 37.58333,
      "lon": 127
    },
    "l": "Swift",
    "nwo": "nugu-developers/nugu-ios",
    "pr": 670,
    "ma": "2020-12-14 19:22:45.000",
    "oa": "2020-12-08 23:14:03.000"
  },
  {
    "uml": "Singapore",
    "gm": {
      "lat": 1.3516161224392,
      "lon": 103.808052586332
    },
    "uol": "Singapore",
    "gop": {
      "lat": 1.3516161224392,
      "lon": 103.808052586332
    },
    "l": "Shell",
    "nwo": "discourse/discourse_docker",
    "pr": 498,
    "ma": "2020-12-14 17:11:08.000",
    "oa": "2020-12-08 23:15:19.000"
  },
  {
    "uml": "San Francisco",
    "gm": {
      "lat": 37.7648,
      "lon": -122.463
    },
    "uol": "San Francisco",
    "gop": {
      "lat": 37.7648,
      "lon": -122.463
    },
    "l": "TypeScript",
    "nwo": "rvl-system/home-lights",
    "pr": 63,
    "ma": "2020-12-14 17:14:07.000",
    "oa": "2020-12-08 23:22:40.000"
  },
  {
    "uml": "Beijing",
    "gm": {
      "lat": 39.905,
      "lon": 116.39139
    },
    "uol": "Beijing",
    "gop": {
      "lat": 39.905,
      "lon": 116.39139
    },
    "l": "Go",
    "nwo": "yunionio/onecloud-operator",
    "pr": 358,
    "ma": "2020-12-14 18:05:32.000",
    "oa": "2020-12-09 02:52:10.000"
  },
  {
    "uml": "Canada",
    "gm": {
      "lat": 55.5859012851966,
      "lon": -105.750595856519
    },
    "uol": "Canada",
    "gop": {
      "lat": 55.5859012851966,
      "lon": -105.750595856519
    },
    "l": "Rust",
    "nwo": "iotaledger/identity.rs",
    "pr": 95,
    "ma": "2020-12-14 17:11:13.000",
    "oa": "2020-12-09 11:06:26.000"
  },
  {
    "uml": "London",
    "gm": {
      "lat": 51.50722,
      "lon": -0.1275
    },
    "uol": "London",
    "gop": {
      "lat": 51.50722,
      "lon": -0.1275
    },
    "l": "JavaScript",
    "nwo": "transferwise/neptune-web",
    "pr": 726,
    "ma": "2020-12-14 19:53:12.000",
    "oa": "2020-12-09 17:09:30.000"
  },
  {
    "uml": "Kyoto",
    "gm": {
      "lat": 35.01167,
      "lon": 135.76806
    },
    "uol": "Kyoto",
    "gop": {
      "lat": 35.01167,
      "lon": 135.76806
    },
    "l": "Nim",
    "nwo": "status-im/nim-libp2p",
    "pr": 476,
    "ma": "2020-12-14 17:25:23.000",
    "oa": "2020-12-09 18:17:33.000"
  },
  {
    "uml": "Beijing",
    "gm": {
      "lat": 39.905,
      "lon": 116.39139
    },
    "uol": "Beijing",
    "gop": {
      "lat": 39.905,
      "lon": 116.39139
    },
    "l": "C++",
    "nwo": "apache/incubator-doris",
    "pr": 5055,
    "ma": "2020-12-14 17:27:52.000",
    "oa": "2020-12-09 18:33:32.000"
  },
  {
    "uml": "Shanghai",
    "gm": {
      "lat": 31.16667,
      "lon": 121.46667
    },
    "uol": "Shanghai",
    "gop": {
      "lat": 31.16667,
      "lon": 121.46667
    },
    "l": "Makefile",
    "nwo": "webmachinelearning/webnn",
    "pr": 126,
    "ma": "2020-12-14 18:19:38.000",
    "oa": "2020-12-09 19:05:08.000"
  },
  {
    "uml": "Beijing",
    "gm": {
      "lat": 39.905,
      "lon": 116.39139
    },
    "uol": "Beijing",
    "gop": {
      "lat": 39.905,
      "lon": 116.39139
    },
    "l": "Python",
    "nwo": "PaddlePaddle/Paddle",
    "pr": 29548,
    "ma": "2020-12-14 18:34:21.000",
    "oa": "2020-12-09 23:59:12.000"
  },
  {
    "uml": "London",
    "gm": {
      "lat": 51.50722,
      "lon": -0.1275
    },
    "uol": "Germany",
    "gop": {
      "lat": 51.1334813439932,
      "lon": 10.0183432948567
    },
    "l": "JavaScript",
    "nwo": "mrdoob/three.js",
    "pr": 20871,
    "ma": "2020-12-14 16:04:32.000",
    "oa": "2020-12-10 01:35:20.000"
  },
  {
    "uml": "Tokyo",
    "gm": {
      "lat": 35.68,
      "lon": 139.77
    },
    "uol": "Tokyo",
    "gop": {
      "lat": 35.68,
      "lon": 139.77
    },
    "l": "Ruby",
    "nwo": "rsim/oracle-enhanced",
    "pr": 2075,
    "ma": "2020-12-14 18:24:56.000",
    "oa": "2020-12-10 02:11:36.000"
  },
  {
    "uml": "London",
    "gm": {
      "lat": 51.50722,
      "lon": -0.1275
    },
    "uol": "Germany",
    "gop": {
      "lat": 51.1334813439932,
      "lon": 10.0183432948567
    },
    "l": "JavaScript",
    "nwo": "mrdoob/three.js",
    "pr": 20875,
    "ma": "2020-12-14 16:09:55.000",
    "oa": "2020-12-10 04:34:58.000"
  },
  {
    "uml": "Hangzhou",
    "gm": {
      "lat": 30.2741,
      "lon": 120.15507
    },
    "uol": "People's Republic of China",
    "gop": {
      "lat": 35.4867029846329,
      "lon": 101.901875103385
    },
    "l": "JavaScript",
    "nwo": "alibaba-fusion/next",
    "pr": 2511,
    "ma": "2020-12-14 19:26:02.000",
    "oa": "2020-12-10 05:23:49.000"
  },
  {
    "uml": "Germany",
    "gm": {
      "lat": 51.1334813439932,
      "lon": 10.0183432948567
    },
    "uol": "Japan",
    "gop": {
      "lat": 36.3864928218528,
      "lon": 138.592229549504
    },
    "l": "Ruby",
    "nwo": "tootsuite/mastodon",
    "pr": 15314,
    "ma": "2020-12-14 18:04:04.000",
    "oa": "2020-12-10 08:41:53.000"
  },
  {
    "uml": "Beijing",
    "gm": {
      "lat": 39.905,
      "lon": 116.39139
    },
    "uol": "Beijing",
    "gop": {
      "lat": 39.905,
      "lon": 116.39139
    },
    "l": "Java",
    "nwo": "apache/pulsar",
    "pr": 8905,
    "ma": "2020-12-14 16:27:10.000",
    "oa": "2020-12-10 11:28:29.000"
  },
  {
    "uml": "New York City",
    "gm": {
      "lat": 40.7648,
      "lon": -73.9808
    },
    "uol": "New York City",
    "gop": {
      "lat": 40.7648,
      "lon": -73.9808
    },
    "l": "C",
    "nwo": "bloomberg/comdb2",
    "pr": 2617,
    "ma": "2020-12-14 19:02:47.000",
    "oa": "2020-12-10 11:57:25.000"
  },
  {
    "uml": "Auckland",
    "gm": {
      "lat": -36.85,
      "lon": 174.78333
    },
    "uol": "Auckland",
    "gop": {
      "lat": -36.85,
      "lon": 174.78333
    },
    "l": "JavaScript",
    "nwo": "beyondessential/tupaia",
    "pr": 1818,
    "ma": "2020-12-14 16:49:04.000",
    "oa": "2020-12-10 15:20:47.000"
  },
  {
    "uml": "Calgary",
    "gm": {
      "lat": 51.0531,
      "lon": -114.0626
    },
    "uol": "Calgary",
    "gop": {
      "lat": 51.0531,
      "lon": -114.0626
    },
    "l": "Python",
    "nwo": "ROCmSoftwarePlatform/Tensile",
    "pr": 1250,
    "ma": "2020-12-14 17:41:04.000",
    "oa": "2020-12-10 16:39:22.000"
  },
  {
    "uml": "California City",
    "gm": {
      "lat": 35.1258,
      "lon": -117.9859
    },
    "uol": "California City",
    "gop": {
      "lat": 35.1258,
      "lon": -117.9859
    },
    "l": "C#",
    "nwo": "versx/WhMgr",
    "pr": 100,
    "ma": "2020-12-14 17:43:21.000",
    "oa": "2020-12-10 17:52:50.000"
  },
  {
    "uml": "Shanghai",
    "gm": {
      "lat": 31.16667,
      "lon": 121.46667
    },
    "uol": "Shanghai",
    "gop": {
      "lat": 31.16667,
      "lon": 121.46667
    },
    "l": "Python",
    "nwo": "Azure/azure-cli",
    "pr": 16240,
    "ma": "2020-12-14 17:35:15.000",
    "oa": "2020-12-10 18:20:41.000"
  },
  {
    "uml": "Sydney",
    "gm": {
      "lat": -33.868,
      "lon": 151.21
    },
    "uol": "Sydney",
    "gop": {
      "lat": -33.868,
      "lon": 151.21
    },
    "l": "Java",
    "nwo": "atlassian-labs/dc-migration-assistant",
    "pr": 426,
    "ma": "2020-12-14 16:39:20.000",
    "oa": "2020-12-10 20:05:02.000"
  },
  {
    "uml": "San Francisco",
    "gm": {
      "lat": 37.7648,
      "lon": -122.463
    },
    "uol": "San Francisco",
    "gop": {
      "lat": 37.7648,
      "lon": -122.463
    },
    "l": "Python",
    "nwo": "getsentry/sentry",
    "pr": 22621,
    "ma": "2020-12-14 17:40:14.000",
    "oa": "2020-12-10 20:12:13.000"
  },
  {
    "uml": "Ottawa",
    "gm": {
      "lat": 45.421,
      "lon": -75.69
    },
    "uol": "Ottawa",
    "gop": {
      "lat": 45.421,
      "lon": -75.69
    },
    "l": "Swift",
    "nwo": "woocommerce/woocommerce-ios",
    "pr": 3332,
    "ma": "2020-12-14 18:01:05.000",
    "oa": "2020-12-10 20:54:42.000"
  },
  {
    "uml": "San Francisco",
    "gm": {
      "lat": 37.7648,
      "lon": -122.463
    },
    "uol": "San Francisco",
    "gop": {
      "lat": 37.7648,
      "lon": -122.463
    },
    "l": "JavaScript",
    "nwo": "outline/outline",
    "pr": 1715,
    "ma": "2020-12-14 19:55:23.000",
    "oa": "2020-12-11 00:09:54.000"
  },
  {
    "uml": "Beijing",
    "gm": {
      "lat": 39.905,
      "lon": 116.39139
    },
    "uol": "Hangzhou",
    "gop": {
      "lat": 30.2741,
      "lon": 120.15507
    },
    "l": "Python",
    "nwo": "ray-project/ray",
    "pr": 12780,
    "ma": "2020-12-14 18:27:56.000",
    "oa": "2020-12-11 00:31:44.000"
  },
  {
    "uml": "Tokyo",
    "gm": {
      "lat": 35.68,
      "lon": 139.77
    },
    "uol": "Tokyo",
    "gop": {
      "lat": 35.68,
      "lon": 139.77
    },
    "l": "TypeScript",
    "nwo": "kufu/smarthr-ui",
    "pr": 1211,
    "ma": "2020-12-14 18:43:48.000",
    "oa": "2020-12-11 00:32:11.000"
  },
  {
    "uml": "Beijing",
    "gm": {
      "lat": 39.905,
      "lon": 116.39139
    },
    "uol": "Beijing",
    "gop": {
      "lat": 39.905,
      "lon": 116.39139
    },
    "l": "TypeScript",
    "nwo": "baidu/amis",
    "pr": 1178,
    "ma": "2020-12-14 18:29:07.000",
    "oa": "2020-12-11 01:19:40.000"
  },
  {
    "uml": "New York City",
    "gm": {
      "lat": 40.7648,
      "lon": -73.9808
    },
    "uol": "New York City",
    "gop": {
      "lat": 40.7648,
      "lon": -73.9808
    },
    "l": "Go",
    "nwo": "nats-io/nats-server",
    "pr": 1770,
    "ma": "2020-12-14 17:34:16.000",
    "oa": "2020-12-11 14:32:24.000"
  },
  {
    "uml": "Vancouver",
    "gm": {
      "lat": 49.2609,
      "lon": -123.1139
    },
    "uol": "Vancouver",
    "gop": {
      "lat": 49.2609,
      "lon": -123.1139
    },
    "l": "Go",
    "nwo": "terraform-providers/terraform-provider-azurerm",
    "pr": 9841,
    "ma": "2020-12-14 16:52:58.000",
    "oa": "2020-12-11 14:45:35.000"
  },
  {
    "uml": "United States",
    "gm": {
      "lat": 39.3812661305678,
      "lon": -97.9222112121185
    },
    "uol": "United States",
    "gop": {
      "lat": 39.3812661305678,
      "lon": -97.9222112121185
    },
    "l": "SystemVerilog",
    "nwo": "lowRISC/opentitan",
    "pr": 4532,
    "ma": "2020-12-14 19:59:29.000",
    "oa": "2020-12-11 15:15:15.000"
  },
  {
    "uml": "Barcelona",
    "gm": {
      "lat": 41.3825,
      "lon": 2.17694
    },
    "uol": "Barcelona",
    "gop": {
      "lat": 41.3825,
      "lon": 2.17694
    },
    "l": "Rust",
    "nwo": "hecrj/iced",
    "pr": 658,
    "ma": "2020-12-14 18:27:42.000",
    "oa": "2020-12-11 15:56:18.000"
  },
  {
    "uml": "Seattle",
    "gm": {
      "lat": 47.6038,
      "lon": -122.3301
    },
    "uol": "Seattle",
    "gop": {
      "lat": 47.6038,
      "lon": -122.3301
    },
    "l": "Java",
    "nwo": "opendistro-for-elasticsearch/sql",
    "pr": 926,
    "ma": "2020-12-14 17:59:39.000",
    "oa": "2020-12-11 16:22:32.000"
  },
  {
    "uml": "United States",
    "gm": {
      "lat": 39.3812661305678,
      "lon": -97.9222112121185
    },
    "uol": "United States",
    "gop": {
      "lat": 39.3812661305678,
      "lon": -97.9222112121185
    },
    "l": "Go",
    "nwo": "pion/mediadevices",
    "pr": 263,
    "ma": "2020-12-14 19:07:57.000",
    "oa": "2020-12-11 16:31:42.000"
  },
  {
    "uml": "Los Angeles",
    "gm": {
      "lat": 34.0544,
      "lon": -118.2439
    },
    "uol": "Los Angeles",
    "gop": {
      "lat": 34.0544,
      "lon": -118.2439
    },
    "l": "Kotlin",
    "nwo": "cdsap/Talaiot",
    "pr": 263,
    "ma": "2020-12-14 18:47:28.000",
    "oa": "2020-12-11 18:44:58.000"
  },
  {
    "uml": "Beijing",
    "gm": {
      "lat": 39.905,
      "lon": 116.39139
    },
    "uol": "San Francisco",
    "gop": {
      "lat": 37.7648,
      "lon": -122.463
    },
    "l": "Java",
    "nwo": "apache/pulsar",
    "pr": 8932,
    "ma": "2020-12-14 16:26:17.000",
    "oa": "2020-12-11 18:57:46.000"
  },
  {
    "uml": "New York City",
    "gm": {
      "lat": 40.7648,
      "lon": -73.9808
    },
    "uol": "New York City",
    "gop": {
      "lat": 40.7648,
      "lon": -73.9808
    },
    "l": "Python",
    "nwo": "mathics/Mathics",
    "pr": 1046,
    "ma": "2020-12-14 16:56:27.000",
    "oa": "2020-12-11 21:46:40.000"
  },
  {
    "uml": "Hong Kong",
    "gm": {
      "lat": 22.27833,
      "lon": 114.15861
    },
    "uol": "Hong Kong",
    "gop": {
      "lat": 22.27833,
      "lon": 114.15861
    },
    "l": "JavaScript",
    "nwo": "substrate-developer-hub/substrate-developer-hub.github.io",
    "pr": 802,
    "ma": "2020-12-14 17:16:33.000",
    "oa": "2020-12-12 02:48:54.000"
  },
  {
    "uml": "Israel",
    "gm": {
      "lat": 31.8472608144505,
      "lon": 34.8419985253627
    },
    "uol": "Israel",
    "gop": {
      "lat": 31.8472608144505,
      "lon": 34.8419985253627
    },
    "l": "HTML",
    "nwo": "Faucet-Collector/scripts",
    "pr": 761,
    "ma": "2020-12-14 19:00:18.000",
    "oa": "2020-12-12 16:02:22.000"
  },
  {
    "uml": "Redmond",
    "gm": {
      "lat": 47.6694,
      "lon": -122.1239
    },
    "uol": "Redmond",
    "gop": {
      "lat": 47.6694,
      "lon": -122.1239
    },
    "l": "C++",
    "nwo": "dotnet/diagnostics",
    "pr": 1823,
    "ma": "2020-12-14 20:10:15.000",
    "oa": "2020-12-12 18:42:33.000"
  },
  {
    "uml": "United States",
    "gm": {
      "lat": 39.3812661305678,
      "lon": -97.9222112121185
    },
    "uol": "United States",
    "gop": {
      "lat": 39.3812661305678,
      "lon": -97.9222112121185
    },
    "l": "Go",
    "nwo": "kyverno/kyverno",
    "pr": 1391,
    "ma": "2020-12-14 17:07:07.000",
    "oa": "2020-12-12 21:22:05.000"
  },
  {
    "uml": "Seattle",
    "gm": {
      "lat": 47.6038,
      "lon": -122.3301
    },
    "uol": "Seattle",
    "gop": {
      "lat": 47.6038,
      "lon": -122.3301
    },
    "l": "Verilog",
    "nwo": "bespoke-silicon-group/basejump_stl",
    "pr": 363,
    "ma": "2020-12-14 17:59:01.000",
    "oa": "2020-12-13 02:15:32.000"
  },
  {
    "uml": "Guangzhou",
    "gm": {
      "lat": 23.1288,
      "lon": 113.25898
    },
    "uol": "Guangzhou",
    "gop": {
      "lat": 23.1288,
      "lon": 113.25898
    },
    "l": "JavaScript",
    "nwo": "GzhiYi/dandan-account",
    "pr": 84,
    "ma": "2020-12-14 18:12:07.000",
    "oa": "2020-12-13 03:08:34.000"
  },
  {
    "uml": "Japan",
    "gm": {
      "lat": 36.3864928218528,
      "lon": 138.592229549504
    },
    "uol": "Norway",
    "gop": {
      "lat": 61.2483331493152,
      "lon": 8.80482073895072
    },
    "l": "Python",
    "nwo": "mrtolkien/inhouse_bot",
    "pr": 12,
    "ma": "2020-12-14 16:30:47.000",
    "oa": "2020-12-13 09:05:28.000"
  },
  {
    "uml": "Switzerland",
    "gm": {
      "lat": 46.8024955829499,
      "lon": 8.23439191387853
    },
    "uol": "Switzerland",
    "gop": {
      "lat": 46.8024955829499,
      "lon": 8.23439191387853
    },
    "l": "Makefile",
    "nwo": "SynoCommunity/spksrc",
    "pr": 4308,
    "ma": "2020-12-14 19:04:24.000",
    "oa": "2020-12-13 13:27:13.000"
  },
  {
    "uml": "Ottawa",
    "gm": {
      "lat": 45.421,
      "lon": -75.69
    },
    "uol": "Ottawa",
    "gop": {
      "lat": 45.421,
      "lon": -75.69
    },
    "l": "Swift",
    "nwo": "wordpress-mobile/WordPressAuthenticator-iOS",
    "pr": 544,
    "ma": "2020-12-14 18:17:44.000",
    "oa": "2020-12-13 15:44:45.000"
  },
  {
    "uml": "Beijing",
    "gm": {
      "lat": 39.905,
      "lon": 116.39139
    },
    "uol": "Beijing",
    "gop": {
      "lat": 39.905,
      "lon": 116.39139
    },
    "l": "Go",
    "nwo": "yunionio/onecloud-operator",
    "pr": 362,
    "ma": "2020-12-14 18:05:37.000",
    "oa": "2020-12-13 17:50:08.000"
  },
  {
    "uml": "Beijing",
    "gm": {
      "lat": 39.905,
      "lon": 116.39139
    },
    "uol": "Beijing",
    "gop": {
      "lat": 39.905,
      "lon": 116.39139
    },
    "l": "Go",
    "nwo": "yunionio/onecloud-operator",
    "pr": 363,
    "ma": "2020-12-14 18:05:41.000",
    "oa": "2020-12-13 18:44:00.000"
  },
  {
    "uml": "Shanghai",
    "gm": {
      "lat": 31.16667,
      "lon": 121.46667
    },
    "uol": "Japan",
    "gop": {
      "lat": 36.3864928218528,
      "lon": 138.592229549504
    },
    "l": "PowerShell",
    "nwo": "MicrosoftDocs/OfficeDocs-Support",
    "pr": 982,
    "ma": "2020-12-14 17:43:38.000",
    "oa": "2020-12-13 19:02:40.000"
  },
  {
    "uml": "Shanghai",
    "gm": {
      "lat": 31.16667,
      "lon": 121.46667
    },
    "uol": "Japan",
    "gop": {
      "lat": 36.3864928218528,
      "lon": 138.592229549504
    },
    "l": "PowerShell",
    "nwo": "MicrosoftDocs/OfficeDocs-Support",
    "pr": 983,
    "ma": "2020-12-14 17:44:00.000",
    "oa": "2020-12-13 19:04:10.000"
  },
  {
    "uml": "United States",
    "gm": {
      "lat": 39.3812661305678,
      "lon": -97.9222112121185
    },
    "uol": "United States",
    "gop": {
      "lat": 39.3812661305678,
      "lon": -97.9222112121185
    },
    "l": "TypeScript",
    "nwo": "GetStream/stream-chat-react-native",
    "pr": 454,
    "ma": "2020-12-14 17:18:04.000",
    "oa": "2020-12-13 19:23:05.000"
  },
  {
    "uml": "Beijing",
    "gm": {
      "lat": 39.905,
      "lon": 116.39139
    },
    "uol": "Beijing",
    "gop": {
      "lat": 39.905,
      "lon": 116.39139
    },
    "l": "Python",
    "nwo": "couler-proj/couler",
    "pr": 133,
    "ma": "2020-12-14 16:24:28.000",
    "oa": "2020-12-13 20:22:10.000"
  },
  {
    "uml": "Beijing",
    "gm": {
      "lat": 39.905,
      "lon": 116.39139
    },
    "uol": "Beijing",
    "gop": {
      "lat": 39.905,
      "lon": 116.39139
    },
    "l": "Python",
    "nwo": "couler-proj/couler",
    "pr": 134,
    "ma": "2020-12-14 16:24:03.000",
    "oa": "2020-12-13 22:06:59.000"
  },
  {
    "uml": "People's Republic of China",
    "gm": {
      "lat": 35.4867029846329,
      "lon": 101.901875103385
    },
    "uol": "People's Republic of China",
    "gop": {
      "lat": 35.4867029846329,
      "lon": 101.901875103385
    },
    "l": "TypeScript",
    "nwo": "badgen/badgen.net",
    "pr": 454,
    "ma": "2020-12-14 18:15:03.000",
    "oa": "2020-12-13 22:09:11.000"
  },
  {
    "uml": "Canada",
    "gm": {
      "lat": 55.5859012851966,
      "lon": -105.750595856519
    },
    "uol": "Wisconsin",
    "gop": {
      "lat": 44.7131688504,
      "lon": -89.7639108198947
    },
    "l": "Java",
    "nwo": "SpongePowered/Sponge",
    "pr": 3235,
    "ma": "2020-12-14 20:10:13.000",
    "oa": "2020-12-13 22:55:44.000"
  },
  {
    "uml": "Beijing",
    "gm": {
      "lat": 39.905,
      "lon": 116.39139
    },
    "uol": "Beijing",
    "gop": {
      "lat": 39.905,
      "lon": 116.39139
    },
    "l": "C",
    "nwo": "taosdata/TDengine",
    "pr": 4560,
    "ma": "2020-12-14 18:36:02.000",
    "oa": "2020-12-13 23:57:08.000"
  },
  {
    "uml": "Beijing",
    "gm": {
      "lat": 39.905,
      "lon": 116.39139
    },
    "uol": "Beijing",
    "gop": {
      "lat": 39.905,
      "lon": 116.39139
    },
    "l": "C++",
    "nwo": "apache/incubator-doris",
    "pr": 5076,
    "ma": "2020-12-14 17:27:21.000",
    "oa": "2020-12-14 00:21:51.000"
  },
  {
    "uml": "Hangzhou",
    "gm": {
      "lat": 30.2741,
      "lon": 120.15507
    },
    "uol": "Hangzhou",
    "gop": {
      "lat": 30.2741,
      "lon": 120.15507
    },
    "l": "C++",
    "nwo": "alibaba/dragonwell8_hotspot",
    "pr": 56,
    "ma": "2020-12-14 18:58:28.000",
    "oa": "2020-12-14 00:25:01.000"
  },
  {
    "uml": "Shanghai",
    "gm": {
      "lat": 31.16667,
      "lon": 121.46667
    },
    "uol": "Shanghai",
    "gop": {
      "lat": 31.16667,
      "lon": 121.46667
    },
    "l": "C++",
    "nwo": "ceph/ceph",
    "pr": 38563,
    "ma": "2020-12-14 17:07:13.000",
    "oa": "2020-12-14 00:28:24.000"
  },
  {
    "uml": "Shanghai",
    "gm": {
      "lat": 31.16667,
      "lon": 121.46667
    },
    "uol": "Shanghai",
    "gop": {
      "lat": 31.16667,
      "lon": 121.46667
    },
    "l": "Java",
    "nwo": "pingcap/tispark",
    "pr": 1863,
    "ma": "2020-12-14 19:01:01.000",
    "oa": "2020-12-14 01:39:37.000"
  },
  {
    "uml": "Shanghai",
    "gm": {
      "lat": 31.16667,
      "lon": 121.46667
    },
    "uol": "Shanghai",
    "gop": {
      "lat": 31.16667,
      "lon": 121.46667
    },
    "l": "JavaScript",
    "nwo": "microsoft/pai",
    "pr": 5174,
    "ma": "2020-12-14 19:35:04.000",
    "oa": "2020-12-14 01:58:36.000"
  },
  {
    "uml": "San Francisco",
    "gm": {
      "lat": 37.7648,
      "lon": -122.463
    },
    "uol": "Beijing",
    "gop": {
      "lat": 39.905,
      "lon": 116.39139
    },
    "l": "Java",
    "nwo": "apache/pulsar",
    "pr": 8952,
    "ma": "2020-12-14 17:05:40.000",
    "oa": "2020-12-14 02:38:42.000"
  },
  {
    "uml": "Hong Kong",
    "gm": {
      "lat": 22.27833,
      "lon": 114.15861
    },
    "uol": "Hong Kong",
    "gop": {
      "lat": 22.27833,
      "lon": 114.15861
    },
    "l": "Go",
    "nwo": "crypto-com/chain-main",
    "pr": 296,
    "ma": "2020-12-14 18:33:18.000",
    "oa": "2020-12-14 02:56:35.000"
  },
  {
    "uml": "Phnom Penh",
    "gm": {
      "lat": 11.55,
      "lon": 104.91667
    },
    "uol": "Phnom Penh",
    "gop": {
      "lat": 11.55,
      "lon": 104.91667
    },
    "l": "TypeScript",
    "nwo": "coilhq/web-monetization-projects",
    "pr": 1409,
    "ma": "2020-12-14 17:09:43.000",
    "oa": "2020-12-14 02:58:02.000"
  },
  {
    "uml": "Singapore",
    "gm": {
      "lat": 1.3516161224392,
      "lon": 103.808052586332
    },
    "uol": "Singapore",
    "gop": {
      "lat": 1.3516161224392,
      "lon": 103.808052586332
    },
    "l": "Haskell",
    "nwo": "noinia/hgeometry",
    "pr": 61,
    "ma": "2020-12-14 17:36:32.000",
    "oa": "2020-12-14 03:23:28.000"
  },
  {
    "uml": "Japan",
    "gm": {
      "lat": 36.3864928218528,
      "lon": 138.592229549504
    },
    "uol": "Japan",
    "gop": {
      "lat": 36.3864928218528,
      "lon": 138.592229549504
    },
    "l": "Go",
    "nwo": "sacloud/usacloud",
    "pr": 736,
    "ma": "2020-12-14 16:27:02.000",
    "oa": "2020-12-14 03:49:11.000"
  },
  {
    "uml": "Sri Lanka",
    "gm": {
      "lat": 7.60808521895433,
      "lon": 80.7047272491285
    },
    "uol": "Sri Lanka",
    "gop": {
      "lat": 7.60808521895433,
      "lon": 80.7047272491285
    },
    "l": "Java",
    "nwo": "ballerina-platform/ballerina-lang",
    "pr": 27487,
    "ma": "2020-12-14 18:18:22.000",
    "oa": "2020-12-14 04:07:32.000"
  },
  {
    "uml": "People's Republic of China",
    "gm": {
      "lat": 35.4867029846329,
      "lon": 101.901875103385
    },
    "uol": "People's Republic of China",
    "gop": {
      "lat": 35.4867029846329,
      "lon": 101.901875103385
    },
    "l": "Go",
    "nwo": "trustwallet/blockatlas",
    "pr": 1314,
    "ma": "2020-12-14 17:58:27.000",
    "oa": "2020-12-14 05:41:26.000"
  },
  {
    "uml": "Netherlands",
    "gm": {
      "lat": 51.9724664894952,
      "lon": 5.61349061168593
    },
    "uol": "Beijing",
    "gop": {
      "lat": 39.905,
      "lon": 116.39139
    },
    "l": "V",
    "nwo": "vlang/v",
    "pr": 7322,
    "ma": "2020-12-14 19:24:58.000",
    "oa": "2020-12-14 06:28:29.000"
  },
  {
    "uml": "Seattle",
    "gm": {
      "lat": 47.6038,
      "lon": -122.3301
    },
    "uol": "Netherlands",
    "gop": {
      "lat": 51.9724664894952,
      "lon": 5.61349061168593
    },
    "l": "Go",
    "nwo": "publicsuffix/list",
    "pr": 1167,
    "ma": "2020-12-14 16:06:03.000",
    "oa": "2020-12-14 06:57:04.000"
  },
  {
    "uml": "Singapore",
    "gm": {
      "lat": 1.3516161224392,
      "lon": 103.808052586332
    },
    "uol": "Shenzhen",
    "gop": {
      "lat": 22.535383,
      "lon": 114.05471
    },
    "l": "Python",
    "nwo": "open-mmlab/mmdetection",
    "pr": 4303,
    "ma": "2020-12-14 18:28:52.000",
    "oa": "2020-12-14 07:15:52.000"
  },
  {
    "uml": "New York City",
    "gm": {
      "lat": 40.7648,
      "lon": -73.9808
    },
    "uol": "New York City",
    "gop": {
      "lat": 40.7648,
      "lon": -73.9808
    },
    "l": "Vue",
    "nwo": "directus/directus",
    "pr": 3413,
    "ma": "2020-12-14 19:18:55.000",
    "oa": "2020-12-14 07:51:40.000"
  },
  {
    "uml": "London",
    "gm": {
      "lat": 51.50722,
      "lon": -0.1275
    },
    "uol": "London",
    "gop": {
      "lat": 51.50722,
      "lon": -0.1275
    },
    "l": "C++",
    "nwo": "martin-pr/possumwood",
    "pr": 195,
    "ma": "2020-12-14 16:37:35.000",
    "oa": "2020-12-14 08:17:17.000"
  },
  {
    "uml": "Nepal",
    "gm": {
      "lat": 28.2530072798101,
      "lon": 83.9385480132428
    },
    "uol": "Hradec Králové",
    "gop": {
      "lat": 50.20917,
      "lon": 15.83194
    },
    "l": "Gherkin",
    "nwo": "owncloud/web",
    "pr": 4493,
    "ma": "2020-12-14 18:40:37.000",
    "oa": "2020-12-14 08:21:24.000"
  },
  {
    "uml": "Singapore",
    "gm": {
      "lat": 1.3516161224392,
      "lon": 103.808052586332
    },
    "uol": "La Jolla",
    "gop": {
      "lat": 32.8473,
      "lon": -117.2742
    },
    "l": "Python",
    "nwo": "open-mmlab/mmdetection",
    "pr": 4306,
    "ma": "2020-12-14 18:25:30.000",
    "oa": "2020-12-14 09:52:25.000"
  },
  {
    "uml": "Philippines",
    "gm": {
      "lat": 11.5363,
      "lon": 122.7613
    },
    "uol": "Philippines",
    "gop": {
      "lat": 11.5363,
      "lon": 122.7613
    },
    "l": "Go",
    "nwo": "trustwallet/watchmarket",
    "pr": 291,
    "ma": "2020-12-14 19:21:20.000",
    "oa": "2020-12-14 09:59:27.000"
  },
  {
    "uml": "Mexico City",
    "gm": {
      "lat": 19.41944,
      "lon": -99.14556
    },
    "uol": "Michigan",
    "gop": {
      "lat": 44.93374589245,
      "lon": -84.525239999781
    },
    "l": "Go",
    "nwo": "Azure/ARO-RP",
    "pr": 1227,
    "ma": "2020-12-14 16:13:24.000",
    "oa": "2020-12-14 10:27:33.000"
  },
  {
    "uml": "Sweden",
    "gm": {
      "lat": 64.9648751621697,
      "lon": 17.6754094331351
    },
    "uol": "Netherlands",
    "gop": {
      "lat": 51.9724664894952,
      "lon": 5.61349061168593
    },
    "l": "Java",
    "nwo": "Incendo/cloud",
    "pr": 169,
    "ma": "2020-12-14 17:04:39.000",
    "oa": "2020-12-14 10:59:42.000"
  },
  {
    "uml": "Finland",
    "gm": {
      "lat": 62.7777539652943,
      "lon": 26.199539005192
    },
    "uol": "Finland",
    "gop": {
      "lat": 62.7777539652943,
      "lon": 26.199539005192
    },
    "l": "C",
    "nwo": "libretro/libretro-uae",
    "pr": 356,
    "ma": "2020-12-14 17:41:51.000",
    "oa": "2020-12-14 11:22:02.000"
  },
  {
    "uml": "Brazil",
    "gm": {
      "lat": -9.58890301712257,
      "lon": -51.6197890205486
    },
    "uol": "Brazil",
    "gop": {
      "lat": -9.58890301712257,
      "lon": -51.6197890205486
    },
    "l": "Python",
    "nwo": "ross-rotordynamics/ross",
    "pr": 730,
    "ma": "2020-12-14 16:27:51.000",
    "oa": "2020-12-14 12:16:56.000"
  },
  {
    "uml": "Melbourne",
    "gm": {
      "lat": -37.8142,
      "lon": 144.9632
    },
    "uol": "Melbourne",
    "gop": {
      "lat": -37.8142,
      "lon": 144.9632
    },
    "l": "C#",
    "nwo": "Flow-Launcher/Flow.Launcher",
    "pr": 238,
    "ma": "2020-12-14 18:16:54.000",
    "oa": "2020-12-14 12:17:53.000"
  },
  {
    "uml": "Cupertino",
    "gm": {
      "lat": 37.323,
      "lon": -122.0323
    },
    "uol": "Cupertino",
    "gop": {
      "lat": 37.323,
      "lon": -122.0323
    },
    "l": "Python",
    "nwo": "HorizonRobotics/alf",
    "pr": 732,
    "ma": "2020-12-14 17:19:37.000",
    "oa": "2020-12-14 12:26:33.000"
  },
  {
    "uml": "Chicago",
    "gm": {
      "lat": 41.8756,
      "lon": -87.6244
    },
    "uol": "Chicago",
    "gop": {
      "lat": 41.8756,
      "lon": -87.6244
    },
    "l": "Go",
    "nwo": "cdr/coder-cli",
    "pr": 204,
    "ma": "2020-12-14 17:30:26.000",
    "oa": "2020-12-14 12:30:06.000"
  },
  {
    "uml": "Seattle",
    "gm": {
      "lat": 47.6038,
      "lon": -122.3301
    },
    "uol": "Seattle",
    "gop": {
      "lat": 47.6038,
      "lon": -122.3301
    },
    "l": "Go",
    "nwo": "pulumi/pulumi-aws",
    "pr": 1263,
    "ma": "2020-12-14 18:35:24.000",
    "oa": "2020-12-14 12:33:20.000"
  },
  {
    "uml": "Roorkee",
    "gm": {
      "lat": 29.86139,
      "lon": 77.88889
    },
    "uol": "California City",
    "gop": {
      "lat": 35.1258,
      "lon": -117.9859
    },
    "l": "Dart",
    "nwo": "am15h/tflite_flutter_plugin",
    "pr": 56,
    "ma": "2020-12-14 20:00:30.000",
    "oa": "2020-12-14 12:44:50.000"
  },
  {
    "uml": "United States",
    "gm": {
      "lat": 39.3812661305678,
      "lon": -97.9222112121185
    },
    "uol": "United States",
    "gop": {
      "lat": 39.3812661305678,
      "lon": -97.9222112121185
    },
    "l": "Python",
    "nwo": "HEXRD/hexrd",
    "pr": 141,
    "ma": "2020-12-14 18:24:59.000",
    "oa": "2020-12-14 12:55:15.000"
  },
  {
    "uml": "People's Republic of China",
    "gm": {
      "lat": 35.4867029846329,
      "lon": 101.901875103385
    },
    "uol": "Dongguan",
    "gop": {
      "lat": 23.04749,
      "lon": 113.74928
    },
    "l": "Shell",
    "nwo": "LCTT/TranslateProject",
    "pr": 20438,
    "ma": "2020-12-14 18:04:04.000",
    "oa": "2020-12-14 13:02:40.000"
  },
  {
    "uml": "People's Republic of China",
    "gm": {
      "lat": 35.4867029846329,
      "lon": 101.901875103385
    },
    "uol": "Dongguan",
    "gop": {
      "lat": 23.04749,
      "lon": 113.74928
    },
    "l": "Shell",
    "nwo": "LCTT/TranslateProject",
    "pr": 20439,
    "ma": "2020-12-14 18:07:13.000",
    "oa": "2020-12-14 13:03:03.000"
  },
  {
    "uml": "People's Republic of China",
    "gm": {
      "lat": 35.4867029846329,
      "lon": 101.901875103385
    },
    "uol": "Dongguan",
    "gop": {
      "lat": 23.04749,
      "lon": 113.74928
    },
    "l": "Shell",
    "nwo": "LCTT/TranslateProject",
    "pr": 20440,
    "ma": "2020-12-14 18:13:32.000",
    "oa": "2020-12-14 13:03:21.000"
  },
  {
    "uml": "People's Republic of China",
    "gm": {
      "lat": 35.4867029846329,
      "lon": 101.901875103385
    },
    "uol": "Dongguan",
    "gop": {
      "lat": 23.04749,
      "lon": 113.74928
    },
    "l": "Shell",
    "nwo": "LCTT/TranslateProject",
    "pr": 20441,
    "ma": "2020-12-14 18:16:55.000",
    "oa": "2020-12-14 13:03:38.000"
  },
  {
    "uml": "People's Republic of China",
    "gm": {
      "lat": 35.4867029846329,
      "lon": 101.901875103385
    },
    "uol": "Dongguan",
    "gop": {
      "lat": 23.04749,
      "lon": 113.74928
    },
    "l": "Shell",
    "nwo": "LCTT/TranslateProject",
    "pr": 20442,
    "ma": "2020-12-14 18:19:29.000",
    "oa": "2020-12-14 13:03:52.000"
  },
  {
    "uml": "People's Republic of China",
    "gm": {
      "lat": 35.4867029846329,
      "lon": 101.901875103385
    },
    "uol": "Dongguan",
    "gop": {
      "lat": 23.04749,
      "lon": 113.74928
    },
    "l": "Shell",
    "nwo": "LCTT/TranslateProject",
    "pr": 20443,
    "ma": "2020-12-14 18:22:55.000",
    "oa": "2020-12-14 13:04:05.000"
  },
  {
    "uml": "Melbourne",
    "gm": {
      "lat": -37.8142,
      "lon": 144.9632
    },
    "uol": "Melbourne",
    "gop": {
      "lat": -37.8142,
      "lon": 144.9632
    },
    "l": "Java",
    "nwo": "apromore/ApromoreCore",
    "pr": 615,
    "ma": "2020-12-14 20:01:48.000",
    "oa": "2020-12-14 13:11:01.000"
  },
  {
    "uml": "New York City",
    "gm": {
      "lat": 40.7648,
      "lon": -73.9808
    },
    "uol": "New York City",
    "gop": {
      "lat": 40.7648,
      "lon": -73.9808
    },
    "l": "JavaScript",
    "nwo": "mongodb/docs-realm",
    "pr": 667,
    "ma": "2020-12-14 20:08:38.000",
    "oa": "2020-12-14 13:12:44.000"
  },
  {
    "uml": "Roorkee",
    "gm": {
      "lat": 29.86139,
      "lon": 77.88889
    },
    "uol": "California City",
    "gop": {
      "lat": 35.1258,
      "lon": -117.9859
    },
    "l": "Dart",
    "nwo": "am15h/tflite_flutter_plugin",
    "pr": 57,
    "ma": "2020-12-14 19:59:47.000",
    "oa": "2020-12-14 13:14:54.000"
  },
  {
    "uml": "Cambridge",
    "gm": {
      "lat": 52.20806,
      "lon": 0.1225
    },
    "uol": "Cambridge",
    "gop": {
      "lat": 52.20806,
      "lon": 0.1225
    },
    "l": "Java",
    "nwo": "IBM/FHIR",
    "pr": 1827,
    "ma": "2020-12-14 16:51:47.000",
    "oa": "2020-12-14 14:04:27.000"
  },
  {
    "uml": "Australia",
    "gm": {
      "lat": -25.7349684916223,
      "lon": 134.489562606981
    },
    "uol": "Australia",
    "gop": {
      "lat": -25.7349684916223,
      "lon": 134.489562606981
    },
    "l": "TypeScript",
    "nwo": "Accenture/sfpowerscripts",
    "pr": 275,
    "ma": "2020-12-14 16:10:52.000",
    "oa": "2020-12-14 14:12:47.000"
  },
  {
    "uml": "Maryland",
    "gm": {
      "lat": 39.4780636707,
      "lon": -76.8536374638244
    },
    "uol": "Maryland",
    "gop": {
      "lat": 39.4780636707,
      "lon": -76.8536374638244
    },
    "l": "Python",
    "nwo": "llllllllll/slider",
    "pr": 81,
    "ma": "2020-12-14 17:04:37.000",
    "oa": "2020-12-14 14:33:16.000"
  },
  {
    "uml": "Santa Fe",
    "gm": {
      "lat": -33.72278,
      "lon": -62.24611
    },
    "uol": "Santa Fe",
    "gop": {
      "lat": -33.72278,
      "lon": -62.24611
    },
    "l": "Java",
    "nwo": "MarquezProject/marquez",
    "pr": 871,
    "ma": "2020-12-14 18:31:47.000",
    "oa": "2020-12-14 14:44:17.000"
  },
  {
    "uml": "Solomon Islands",
    "gm": {
      "lat": -8.9182158295247,
      "lon": 159.634315081643
    },
    "uol": "Solomon Islands",
    "gop": {
      "lat": -8.9182158295247,
      "lon": 159.634315081643
    },
    "l": "JavaScript",
    "nwo": "RedHatInsights/curiosity-frontend",
    "pr": 538,
    "ma": "2020-12-14 17:12:08.000",
    "oa": "2020-12-14 14:45:57.000"
  },
  {
    "uml": "Nepal",
    "gm": {
      "lat": 28.2530072798101,
      "lon": 83.9385480132428
    },
    "uol": "Ennepetal",
    "gop": {
      "lat": 51.28333,
      "lon": 7.33333
    },
    "l": "Go",
    "nwo": "owncloud/ocis",
    "pr": 1095,
    "ma": "2020-12-14 18:36:19.000",
    "oa": "2020-12-14 14:54:33.000"
  },
  {
    "uml": "Boston",
    "gm": {
      "lat": 42.3605,
      "lon": -71.0596
    },
    "uol": "Boston",
    "gop": {
      "lat": 42.3605,
      "lon": -71.0596
    },
    "l": "TypeScript",
    "nwo": "Path-Check/gaen-mobile",
    "pr": 758,
    "ma": "2020-12-14 16:36:00.000",
    "oa": "2020-12-14 14:59:02.000"
  },
  {
    "uml": "Seattle",
    "gm": {
      "lat": 47.6038,
      "lon": -122.3301
    },
    "uol": "Seattle",
    "gop": {
      "lat": 47.6038,
      "lon": -122.3301
    },
    "l": "TypeScript",
    "nwo": "google/model-viewer",
    "pr": 1765,
    "ma": "2020-12-14 16:39:52.000",
    "oa": "2020-12-14 15:18:13.000"
  },
  {
    "uml": "Canada",
    "gm": {
      "lat": 55.5859012851966,
      "lon": -105.750595856519
    },
    "uol": "Canada",
    "gop": {
      "lat": 55.5859012851966,
      "lon": -105.750595856519
    },
    "l": "HTML",
    "nwo": "web-platform-tests/wpt",
    "pr": 26896,
    "ma": "2020-12-14 16:39:23.000",
    "oa": "2020-12-14 15:23:06.000"
  },
  {
    "uml": "Seattle",
    "gm": {
      "lat": 47.6038,
      "lon": -122.3301
    },
    "uol": "Seattle",
    "gop": {
      "lat": 47.6038,
      "lon": -122.3301
    },
    "l": "TypeScript",
    "nwo": "opendistro-for-elasticsearch/security-kibana-plugin",
    "pr": 649,
    "ma": "2020-12-14 16:48:50.000",
    "oa": "2020-12-14 15:36:08.000"
  },
  {
    "uml": "Palo Alto",
    "gm": {
      "lat": 37.4422,
      "lon": -122.1634
    },
    "uol": "Palo Alto",
    "gop": {
      "lat": 37.4422,
      "lon": -122.1634
    },
    "l": "Java",
    "nwo": "opendistro-for-elasticsearch/security",
    "pr": 898,
    "ma": "2020-12-14 16:17:35.000",
    "oa": "2020-12-14 15:40:05.000"
  },
  {
    "uml": "California City",
    "gm": {
      "lat": 35.1258,
      "lon": -117.9859
    },
    "uol": "San Francisco",
    "gop": {
      "lat": 37.7648,
      "lon": -122.463
    },
    "l": "TypeScript",
    "nwo": "zendeskgarden/react-components",
    "pr": 952,
    "ma": "2020-12-14 17:28:16.000",
    "oa": "2020-12-14 15:50:30.000"
  },
  {
    "uml": "Liverpool",
    "gm": {
      "lat": 53.41667,
      "lon": -3
    },
    "uol": "Germany",
    "gop": {
      "lat": 51.1334813439932,
      "lon": 10.0183432948567
    },
    "l": "C++",
    "nwo": "AliveTeam/alive_reversing",
    "pr": 996,
    "ma": "2020-12-14 16:08:15.000",
    "oa": "2020-12-14 15:56:38.000"
  },
  {
    "uml": "Japan",
    "gm": {
      "lat": 36.3864928218528,
      "lon": 138.592229549504
    },
    "uol": "Japan",
    "gop": {
      "lat": 36.3864928218528,
      "lon": 138.592229549504
    },
    "l": "TypeScript",
    "nwo": "sprout2000/elephicon",
    "pr": 93,
    "ma": "2020-12-14 16:03:26.000",
    "oa": "2020-12-14 16:03:20.000"
  },
  {
    "uml": "Portugal",
    "gm": {
      "lat": 39.6009946583093,
      "lon": -8.56273059638958
    },
    "uol": "Portugal",
    "gop": {
      "lat": 39.6009946583093,
      "lon": -8.56273059638958
    },
    "l": "JavaScript",
    "nwo": "mapswipe/mapswipe",
    "pr": 443,
    "ma": "2020-12-14 16:15:26.000",
    "oa": "2020-12-14 16:03:34.000"
  },
  {
    "uml": "Utah",
    "gm": {
      "lat": 39.2548171647,
      "lon": -111.602499934826
    },
    "uol": "Utah",
    "gop": {
      "lat": 39.2548171647,
      "lon": -111.602499934826
    },
    "l": "JavaScript",
    "nwo": "iobio/gene.iobio.vue",
    "pr": 697,
    "ma": "2020-12-14 16:04:07.000",
    "oa": "2020-12-14 16:04:00.000"
  },
  {
    "uml": "Paris",
    "gm": {
      "lat": 48.85658,
      "lon": 2.35183
    },
    "uol": "Paris",
    "gop": {
      "lat": 48.85658,
      "lon": 2.35183
    },
    "l": "Swift",
    "nwo": "openfoodfacts/openfoodfacts-ios",
    "pr": 851,
    "ma": "2020-12-14 16:05:25.000",
    "oa": "2020-12-14 16:04:15.000"
  },
  {
    "uml": "Oregon City",
    "gm": {
      "lat": 45.3573,
      "lon": -122.6068
    },
    "uol": "Oregon City",
    "gop": {
      "lat": 45.3573,
      "lon": -122.6068
    },
    "l": "HTML",
    "nwo": "unicode-org/cldr-staging",
    "pr": 32,
    "ma": "2020-12-14 16:07:27.000",
    "oa": "2020-12-14 16:07:17.000"
  },
  {
    "uml": "Redmond",
    "gm": {
      "lat": 47.6694,
      "lon": -122.1239
    },
    "uol": "Redmond",
    "gop": {
      "lat": 47.6694,
      "lon": -122.1239
    },
    "l": "Python",
    "nwo": "MicrosoftDocs/visualstudio-docs",
    "pr": 6204,
    "ma": "2020-12-14 16:08:28.000",
    "oa": "2020-12-14 16:08:05.000"
  },
  {
    "uml": "Ireland",
    "gm": {
      "lat": 53.3054943871234,
      "lon": -7.73764888796793
    },
    "uol": "Ireland",
    "gop": {
      "lat": 53.3054943871234,
      "lon": -7.73764888796793
    },
    "l": "C#",
    "nwo": "alanmcgovern/monotorrent",
    "pr": 356,
    "ma": "2020-12-14 16:13:31.000",
    "oa": "2020-12-14 16:09:10.000"
  },
  {
    "uml": "France",
    "gm": {
      "lat": 47.8249046208979,
      "lon": 2.61878695312962
    },
    "uol": "France",
    "gop": {
      "lat": 47.8249046208979,
      "lon": 2.61878695312962
    },
    "l": "C#",
    "nwo": "aura-systems/Aura-Operating-System",
    "pr": 147,
    "ma": "2020-12-14 16:09:17.000",
    "oa": "2020-12-14 16:09:11.000"
  },
  {
    "uml": "Norway",
    "gm": {
      "lat": 61.2483331493152,
      "lon": 8.80482073895072
    },
    "uol": "Norway",
    "gop": {
      "lat": 61.2483331493152,
      "lon": 8.80482073895072
    },
    "l": "Python",
    "nwo": "hacs/integration",
    "pr": 1726,
    "ma": "2020-12-14 16:16:16.000",
    "oa": "2020-12-14 16:15:22.000"
  },
  {
    "uml": "San Francisco",
    "gm": {
      "lat": 37.7648,
      "lon": -122.463
    },
    "uol": "San Francisco",
    "gop": {
      "lat": 37.7648,
      "lon": -122.463
    },
    "l": "Swift",
    "nwo": "kyleve/Listable",
    "pr": 241,
    "ma": "2020-12-14 16:52:39.000",
    "oa": "2020-12-14 16:24:16.000"
  },
  {
    "uml": "New York City",
    "gm": {
      "lat": 40.7648,
      "lon": -73.9808
    },
    "uol": "New York City",
    "gop": {
      "lat": 40.7648,
      "lon": -73.9808
    },
    "l": "JavaScript",
    "nwo": "RecordReplay/devtools",
    "pr": 1231,
    "ma": "2020-12-14 16:27:05.000",
    "oa": "2020-12-14 16:26:53.000"
  },
  {
    "uml": "New York City",
    "gm": {
      "lat": 40.7648,
      "lon": -73.9808
    },
    "uol": "New York City",
    "gop": {
      "lat": 40.7648,
      "lon": -73.9808
    },
    "l": "TypeScript",
    "nwo": "IBM/kui",
    "pr": 6404,
    "ma": "2020-12-14 18:45:30.000",
    "oa": "2020-12-14 16:27:48.000"
  },
  {
    "uml": "Seattle",
    "gm": {
      "lat": 47.6038,
      "lon": -122.3301
    },
    "uol": "Seattle",
    "gop": {
      "lat": 47.6038,
      "lon": -122.3301
    },
    "l": "Shell",
    "nwo": "opendistro-for-elasticsearch/opendistro-build",
    "pr": 516,
    "ma": "2020-12-14 16:30:12.000",
    "oa": "2020-12-14 16:28:47.000"
  },
  {
    "uml": "Tokyo",
    "gm": {
      "lat": 35.68,
      "lon": 139.77
    },
    "uol": "Tokyo",
    "gop": {
      "lat": 35.68,
      "lon": 139.77
    },
    "l": "Ruby",
    "nwo": "fjordllc/bootcamp",
    "pr": 2198,
    "ma": "2020-12-14 16:52:07.000",
    "oa": "2020-12-14 16:32:24.000"
  },
  {
    "uml": "Chengdu",
    "gm": {
      "lat": 30.66361,
      "lon": 104.06667
    },
    "uol": "Chengdu",
    "gop": {
      "lat": 30.66361,
      "lon": 104.06667
    },
    "l": "C++",
    "nwo": "pinpoint-apm/pinpoint-c-agent",
    "pr": 266,
    "ma": "2020-12-14 16:32:53.000",
    "oa": "2020-12-14 16:32:32.000"
  },
  {
    "uml": "United Kingdom",
    "gm": {
      "lat": 54.2379333607472,
      "lon": -2.36966957036279
    },
    "uol": "United Kingdom",
    "gop": {
      "lat": 54.2379333607472,
      "lon": -2.36966957036279
    },
    "l": "TypeScript",
    "nwo": "devoxa/prisma-relay-cursor-connection",
    "pr": 148,
    "ma": "2020-12-14 16:43:55.000",
    "oa": "2020-12-14 16:32:55.000"
  },
  {
    "uml": "Switzerland",
    "gm": {
      "lat": 46.8024955829499,
      "lon": 8.23439191387853
    },
    "uol": "Switzerland",
    "gop": {
      "lat": 46.8024955829499,
      "lon": 8.23439191387853
    },
    "l": "C++",
    "nwo": "polybar/polybar",
    "pr": 2304,
    "ma": "2020-12-14 16:47:33.000",
    "oa": "2020-12-14 16:35:47.000"
  },
  {
    "uml": "San Diego",
    "gm": {
      "lat": 32.7174,
      "lon": -117.1628
    },
    "uol": "San Diego",
    "gop": {
      "lat": 32.7174,
      "lon": -117.1628
    },
    "l": "C++",
    "nwo": "commaai/openpilot",
    "pr": 19502,
    "ma": "2020-12-14 19:49:02.000",
    "oa": "2020-12-14 16:36:43.000"
  },
  {
    "uml": "New York City",
    "gm": {
      "lat": 40.7648,
      "lon": -73.9808
    },
    "uol": "Germany",
    "gop": {
      "lat": 51.1334813439932,
      "lon": 10.0183432948567
    },
    "l": "Vue",
    "nwo": "directus/directus",
    "pr": 3421,
    "ma": "2020-12-14 16:43:29.000",
    "oa": "2020-12-14 16:38:48.000"
  },
  {
    "uml": "Tainan",
    "gm": {
      "lat": 22.98333,
      "lon": 120.18333
    },
    "uol": "Tainan",
    "gop": {
      "lat": 22.98333,
      "lon": 120.18333
    },
    "l": "Java",
    "nwo": "apache/kafka",
    "pr": 9751,
    "ma": "2020-12-14 16:39:59.000",
    "oa": "2020-12-14 16:39:10.000"
  },
  {
    "uml": "Boston",
    "gm": {
      "lat": 42.3605,
      "lon": -71.0596
    },
    "uol": "Boston",
    "gop": {
      "lat": 42.3605,
      "lon": -71.0596
    },
    "l": "Java",
    "nwo": "JMRI/JMRI",
    "pr": 9236,
    "ma": "2020-12-14 19:01:54.000",
    "oa": "2020-12-14 16:42:15.000"
  },
  {
    "uml": "Beijing",
    "gm": {
      "lat": 39.905,
      "lon": 116.39139
    },
    "uol": "Beijing",
    "gop": {
      "lat": 39.905,
      "lon": 116.39139
    },
    "l": "Python",
    "nwo": "Nitrate/Nitrate",
    "pr": 850,
    "ma": "2020-12-14 17:01:00.000",
    "oa": "2020-12-14 16:43:24.000"
  },
  {
    "uml": "Seattle",
    "gm": {
      "lat": 47.6038,
      "lon": -122.3301
    },
    "uol": "Seattle",
    "gop": {
      "lat": 47.6038,
      "lon": -122.3301
    },
    "l": "Shell",
    "nwo": "opendistro-for-elasticsearch/opendistro-build",
    "pr": 518,
    "ma": "2020-12-14 16:54:41.000",
    "oa": "2020-12-14 16:45:23.000"
  },
  {
    "uml": "Canada",
    "gm": {
      "lat": 55.5859012851966,
      "lon": -105.750595856519
    },
    "uol": "Canada",
    "gop": {
      "lat": 55.5859012851966,
      "lon": -105.750595856519
    },
    "l": "HTML",
    "nwo": "web-platform-tests/wpt",
    "pr": 26897,
    "ma": "2020-12-14 17:31:29.000",
    "oa": "2020-12-14 16:45:28.000"
  },
  {
    "uml": "Rio de Janeiro",
    "gm": {
      "lat": -22.911,
      "lon": -43.2094
    },
    "uol": "Rio de Janeiro",
    "gop": {
      "lat": -22.911,
      "lon": -43.2094
    },
    "l": "Julia",
    "nwo": "LAMPSPUC/StateSpaceModels.jl",
    "pr": 224,
    "ma": "2020-12-14 17:01:38.000",
    "oa": "2020-12-14 16:46:58.000"
  },
  {
    "uml": "Japan",
    "gm": {
      "lat": 36.3864928218528,
      "lon": 138.592229549504
    },
    "uol": "Japan",
    "gop": {
      "lat": 36.3864928218528,
      "lon": 138.592229549504
    },
    "l": "TypeScript",
    "nwo": "sprout2000/elephicon",
    "pr": 94,
    "ma": "2020-12-14 16:47:18.000",
    "oa": "2020-12-14 16:47:10.000"
  },
  {
    "uml": "United States",
    "gm": {
      "lat": 39.3812661305678,
      "lon": -97.9222112121185
    },
    "uol": "United States",
    "gop": {
      "lat": 39.3812661305678,
      "lon": -97.9222112121185
    },
    "l": "Go",
    "nwo": "denverquane/automuteus",
    "pr": 324,
    "ma": "2020-12-14 17:05:11.000",
    "oa": "2020-12-14 16:47:37.000"
  },
  {
    "uml": "New Zealand",
    "gm": {
      "lat": -41.8388752215127,
      "lon": 171.779900195937
    },
    "uol": "New Zealand",
    "gop": {
      "lat": -41.8388752215127,
      "lon": 171.779900195937
    },
    "l": "TypeScript",
    "nwo": "binance-chain-npm/honeycomb",
    "pr": 190,
    "ma": "2020-12-14 17:29:53.000",
    "oa": "2020-12-14 17:00:16.000"
  },
  {
    "uml": "New York City",
    "gm": {
      "lat": 40.7648,
      "lon": -73.9808
    },
    "uol": "New York City",
    "gop": {
      "lat": 40.7648,
      "lon": -73.9808
    },
    "l": "JavaScript",
    "nwo": "RecordReplay/devtools",
    "pr": 1232,
    "ma": "2020-12-14 17:03:31.000",
    "oa": "2020-12-14 17:02:57.000"
  },
  {
    "uml": "California City",
    "gm": {
      "lat": 35.1258,
      "lon": -117.9859
    },
    "uol": "Sweden",
    "gop": {
      "lat": 64.9648751621697,
      "lon": 17.6754094331351
    },
    "l": "Markdown",
    "nwo": "ppy/osu-wiki",
    "pr": 4623,
    "ma": "2020-12-14 17:05:16.000",
    "oa": "2020-12-14 17:04:14.000"
  },
  {
    "uml": "Sunnyvale",
    "gm": {
      "lat": 37.3688,
      "lon": -122.0363
    },
    "uol": "Sunnyvale",
    "gop": {
      "lat": 37.3688,
      "lon": -122.0363
    },
    "l": "Jupyter Notebook",
    "nwo": "onnx/tensorflow-onnx",
    "pr": 1232,
    "ma": "2020-12-14 17:47:48.000",
    "oa": "2020-12-14 17:04:17.000"
  },
  {
    "uml": "Philadelphia",
    "gm": {
      "lat": 40.0115,
      "lon": -75.1327
    },
    "uol": "New York City",
    "gop": {
      "lat": 40.7648,
      "lon": -73.9808
    },
    "l": "Ruby",
    "nwo": "rails/rails",
    "pr": 40844,
    "ma": "2020-12-14 17:43:18.000",
    "oa": "2020-12-14 17:07:30.000"
  },
  {
    "uml": "Seattle",
    "gm": {
      "lat": 47.6038,
      "lon": -122.3301
    },
    "uol": "Seattle",
    "gop": {
      "lat": 47.6038,
      "lon": -122.3301
    },
    "l": "TypeScript",
    "nwo": "google/model-viewer",
    "pr": 1766,
    "ma": "2020-12-14 17:14:23.000",
    "oa": "2020-12-14 17:14:00.000"
  },
  {
    "uml": "San Francisco",
    "gm": {
      "lat": 37.7648,
      "lon": -122.463
    },
    "uol": "San Francisco",
    "gop": {
      "lat": 37.7648,
      "lon": -122.463
    },
    "l": "Go",
    "nwo": "moby/buildkit",
    "pr": 1898,
    "ma": "2020-12-14 17:55:08.000",
    "oa": "2020-12-14 17:22:06.000"
  },
  {
    "uml": "Japan",
    "gm": {
      "lat": 36.3864928218528,
      "lon": 138.592229549504
    },
    "uol": "Japan",
    "gop": {
      "lat": 36.3864928218528,
      "lon": 138.592229549504
    },
    "l": "Go",
    "nwo": "sacloud/usacloud",
    "pr": 739,
    "ma": "2020-12-14 17:42:24.000",
    "oa": "2020-12-14 17:23:38.000"
  },
  {
    "uml": "Seattle",
    "gm": {
      "lat": 47.6038,
      "lon": -122.3301
    },
    "uol": "Seattle",
    "gop": {
      "lat": 47.6038,
      "lon": -122.3301
    },
    "l": "Shell",
    "nwo": "opendistro-for-elasticsearch/opendistro-build",
    "pr": 519,
    "ma": "2020-12-14 17:28:43.000",
    "oa": "2020-12-14 17:23:53.000"
  },
  {
    "uml": "Redmond",
    "gm": {
      "lat": 47.6694,
      "lon": -122.1239
    },
    "uol": "Montreal",
    "gop": {
      "lat": 45.5088,
      "lon": -73.554
    },
    "l": "Python",
    "nwo": "microsoft/PowerPlatformConnectors",
    "pr": 613,
    "ma": "2020-12-14 19:31:06.000",
    "oa": "2020-12-14 17:30:00.000"
  },
  {
    "uml": "Germany",
    "gm": {
      "lat": 51.1334813439932,
      "lon": 10.0183432948567
    },
    "uol": "Germany",
    "gop": {
      "lat": 51.1334813439932,
      "lon": 10.0183432948567
    },
    "l": "JavaScript",
    "nwo": "arlac77/svelte-session-manager",
    "pr": 355,
    "ma": "2020-12-14 17:32:49.000",
    "oa": "2020-12-14 17:31:10.000"
  },
  {
    "uml": "Australia",
    "gm": {
      "lat": -25.7349684916223,
      "lon": 134.489562606981
    },
    "uol": "Australia",
    "gop": {
      "lat": -25.7349684916223,
      "lon": 134.489562606981
    },
    "l": "Python",
    "nwo": "inventree/InvenTree",
    "pr": 1164,
    "ma": "2020-12-14 18:32:13.000",
    "oa": "2020-12-14 17:31:28.000"
  },
  {
    "uml": "Japan",
    "gm": {
      "lat": 36.3864928218528,
      "lon": 138.592229549504
    },
    "uol": "Japan",
    "gop": {
      "lat": 36.3864928218528,
      "lon": 138.592229549504
    },
    "l": "Fortran",
    "nwo": "ywkawai/FE-Project",
    "pr": 87,
    "ma": "2020-12-14 17:59:55.000",
    "oa": "2020-12-14 17:34:14.000"
  },
  {
    "uml": "Japan",
    "gm": {
      "lat": 36.3864928218528,
      "lon": 138.592229549504
    },
    "uol": "Japan",
    "gop": {
      "lat": 36.3864928218528,
      "lon": 138.592229549504
    },
    "l": "Go",
    "nwo": "sacloud/usacloud",
    "pr": 740,
    "ma": "2020-12-14 17:41:54.000",
    "oa": "2020-12-14 17:37:05.000"
  },
  {
    "uml": "Shanghai",
    "gm": {
      "lat": 31.16667,
      "lon": 121.46667
    },
    "uol": "Shanghai",
    "gop": {
      "lat": 31.16667,
      "lon": 121.46667
    },
    "l": "Lua",
    "nwo": "xmake-io/xmake-repo",
    "pr": 212,
    "ma": "2020-12-14 17:51:35.000",
    "oa": "2020-12-14 17:38:19.000"
  },
  {
    "uml": "Hangzhou",
    "gm": {
      "lat": 30.2741,
      "lon": 120.15507
    },
    "uol": "Hangzhou",
    "gop": {
      "lat": 30.2741,
      "lon": 120.15507
    },
    "l": "TypeScript",
    "nwo": "antvis/X6",
    "pr": 416,
    "ma": "2020-12-14 19:52:03.000",
    "oa": "2020-12-14 17:39:38.000"
  },
  {
    "uml": "Netherlands",
    "gm": {
      "lat": 51.9724664894952,
      "lon": 5.61349061168593
    },
    "uol": "Beijing",
    "gop": {
      "lat": 39.905,
      "lon": 116.39139
    },
    "l": "V",
    "nwo": "vlang/v",
    "pr": 7333,
    "ma": "2020-12-14 19:31:35.000",
    "oa": "2020-12-14 17:46:41.000"
  },
  {
    "uml": "Azerbaijan",
    "gm": {
      "lat": 40.418259613178,
      "lon": 47.720341220495
    },
    "uol": "Azerbaijan",
    "gop": {
      "lat": 40.418259613178,
      "lon": 47.720341220495
    },
    "l": "PHP",
    "nwo": "hose1021/DevHub",
    "pr": 121,
    "ma": "2020-12-14 17:50:40.000",
    "oa": "2020-12-14 17:50:32.000"
  },
  {
    "uml": "Toronto",
    "gm": {
      "lat": 43.6529,
      "lon": -79.3849
    },
    "uol": "Toronto",
    "gop": {
      "lat": 43.6529,
      "lon": -79.3849
    },
    "l": "TypeScript",
    "nwo": "nrwl/nx",
    "pr": 4292,
    "ma": "2020-12-14 18:36:21.000",
    "oa": "2020-12-14 17:51:06.000"
  },
  {
    "uml": "California City",
    "gm": {
      "lat": 35.1258,
      "lon": -117.9859
    },
    "uol": "California City",
    "gop": {
      "lat": 35.1258,
      "lon": -117.9859
    },
    "l": "JavaScript",
    "nwo": "versx/WhMgr-UI",
    "pr": 18,
    "ma": "2020-12-14 19:17:49.000",
    "oa": "2020-12-14 17:52:14.000"
  },
  {
    "uml": "Panama",
    "gm": {
      "lat": 8.70473482400532,
      "lon": -80.2681751731831
    },
    "uol": "Panama",
    "gop": {
      "lat": 8.70473482400532,
      "lon": -80.2681751731831
    },
    "l": "Vue",
    "nwo": "LeXeL/Brewthers",
    "pr": 242,
    "ma": "2020-12-14 18:16:32.000",
    "oa": "2020-12-14 17:54:41.000"
  },
  {
    "uml": "South Korea",
    "gm": {
      "lat": 36.5362364654109,
      "lon": 128.168944342317
    },
    "uol": "South Korea",
    "gop": {
      "lat": 36.5362364654109,
      "lon": 128.168944342317
    },
    "l": "JavaScript",
    "nwo": "linewalks/MDwalks-UI",
    "pr": 823,
    "ma": "2020-12-14 18:35:56.000",
    "oa": "2020-12-14 18:06:12.000"
  },
  {
    "uml": "Seattle",
    "gm": {
      "lat": 47.6038,
      "lon": -122.3301
    },
    "uol": "Seattle",
    "gop": {
      "lat": 47.6038,
      "lon": -122.3301
    },
    "l": "Starlark",
    "nwo": "google/llvm-bazel",
    "pr": 113,
    "ma": "2020-12-14 18:43:46.000",
    "oa": "2020-12-14 18:08:55.000"
  },
  {
    "uml": "Japan",
    "gm": {
      "lat": 36.3864928218528,
      "lon": 138.592229549504
    },
    "uol": "Japan",
    "gop": {
      "lat": 36.3864928218528,
      "lon": 138.592229549504
    },
    "l": "TypeScript",
    "nwo": "sprout2000/elephicon",
    "pr": 95,
    "ma": "2020-12-14 18:10:01.000",
    "oa": "2020-12-14 18:09:55.000"
  },
  {
    "uml": "Japan",
    "gm": {
      "lat": 36.3864928218528,
      "lon": 138.592229549504
    },
    "uol": "Japan",
    "gop": {
      "lat": 36.3864928218528,
      "lon": 138.592229549504
    },
    "l": "Go",
    "nwo": "lighttiger2505/sqls",
    "pr": 34,
    "ma": "2020-12-14 18:13:54.000",
    "oa": "2020-12-14 18:10:58.000"
  },
  {
    "uml": "Beijing",
    "gm": {
      "lat": 39.905,
      "lon": 116.39139
    },
    "uol": "Beijing",
    "gop": {
      "lat": 39.905,
      "lon": 116.39139
    },
    "l": "C++",
    "nwo": "ApolloAuto/apollo",
    "pr": 13188,
    "ma": "2020-12-14 18:14:41.000",
    "oa": "2020-12-14 18:14:31.000"
  },
  {
    "uml": "Japan",
    "gm": {
      "lat": 36.3864928218528,
      "lon": 138.592229549504
    },
    "uol": "Japan",
    "gop": {
      "lat": 36.3864928218528,
      "lon": 138.592229549504
    },
    "l": "TypeScript",
    "nwo": "sprout2000/elephicon",
    "pr": 96,
    "ma": "2020-12-14 18:16:58.000",
    "oa": "2020-12-14 18:16:51.000"
  },
  {
    "uml": "Japan",
    "gm": {
      "lat": 36.3864928218528,
      "lon": 138.592229549504
    },
    "uol": "Japan",
    "gop": {
      "lat": 36.3864928218528,
      "lon": 138.592229549504
    },
    "l": "TypeScript",
    "nwo": "sprout2000/leafview",
    "pr": 140,
    "ma": "2020-12-14 18:22:42.000",
    "oa": "2020-12-14 18:22:34.000"
  },
  {
    "uml": "People's Republic of China",
    "gm": {
      "lat": 35.4867029846329,
      "lon": 101.901875103385
    },
    "uol": "People's Republic of China",
    "gop": {
      "lat": 35.4867029846329,
      "lon": 101.901875103385
    },
    "l": "Shell",
    "nwo": "LCTT/TranslateProject",
    "pr": 20446,
    "ma": "2020-12-14 18:33:29.000",
    "oa": "2020-12-14 18:30:55.000"
  },
  {
    "uml": "Beijing",
    "gm": {
      "lat": 39.905,
      "lon": 116.39139
    },
    "uol": "Beijing",
    "gop": {
      "lat": 39.905,
      "lon": 116.39139
    },
    "l": "Python",
    "nwo": "k2-fsa/snowfall",
    "pr": 41,
    "ma": "2020-12-14 18:41:46.000",
    "oa": "2020-12-14 18:30:59.000"
  },
  {
    "uml": "California City",
    "gm": {
      "lat": 35.1258,
      "lon": -117.9859
    },
    "uol": "California City",
    "gop": {
      "lat": 35.1258,
      "lon": -117.9859
    },
    "l": "TypeScript",
    "nwo": "HackSC/odyssey",
    "pr": 490,
    "ma": "2020-12-14 19:25:34.000",
    "oa": "2020-12-14 18:34:05.000"
  },
  {
    "uml": "Utah",
    "gm": {
      "lat": 39.2548171647,
      "lon": -111.602499934826
    },
    "uol": "Utah",
    "gop": {
      "lat": 39.2548171647,
      "lon": -111.602499934826
    },
    "l": "JavaScript",
    "nwo": "iobio/gene.iobio.vue",
    "pr": 700,
    "ma": "2020-12-14 18:39:53.000",
    "oa": "2020-12-14 18:39:26.000"
  },
  {
    "uml": "Tokyo",
    "gm": {
      "lat": 35.68,
      "lon": 139.77
    },
    "uol": "Tokyo",
    "gop": {
      "lat": 35.68,
      "lon": 139.77
    },
    "l": "Shell",
    "nwo": "yutakatay/dotfiles",
    "pr": 1758,
    "ma": "2020-12-14 18:40:46.000",
    "oa": "2020-12-14 18:40:41.000"
  },
  {
    "uml": "Denver",
    "gm": {
      "lat": 39.7348,
      "lon": -104.9653
    },
    "uol": "Denver",
    "gop": {
      "lat": 39.7348,
      "lon": -104.9653
    },
    "l": "JavaScript",
    "nwo": "HausDAO/daohaus-web",
    "pr": 467,
    "ma": "2020-12-14 18:46:30.000",
    "oa": "2020-12-14 18:45:40.000"
  },
  {
    "uml": "Berlin",
    "gm": {
      "lat": 52.51667,
      "lon": 13.38333
    },
    "uol": "Berlin",
    "gop": {
      "lat": 52.51667,
      "lon": 13.38333
    },
    "l": "Python",
    "nwo": "JohnSnowLabs/nlu",
    "pr": 22,
    "ma": "2020-12-14 18:47:53.000",
    "oa": "2020-12-14 18:46:42.000"
  },
  {
    "uml": "Portugal",
    "gm": {
      "lat": 39.6009946583093,
      "lon": -8.56273059638958
    },
    "uol": "Portugal",
    "gop": {
      "lat": 39.6009946583093,
      "lon": -8.56273059638958
    },
    "l": "C#",
    "nwo": "mono/CppSharp",
    "pr": 1551,
    "ma": "2020-12-14 18:51:43.000",
    "oa": "2020-12-14 18:46:47.000"
  },
  {
    "uml": "Beijing",
    "gm": {
      "lat": 39.905,
      "lon": 116.39139
    },
    "uol": "Beijing",
    "gop": {
      "lat": 39.905,
      "lon": 116.39139
    },
    "l": "Go",
    "nwo": "yunionio/onecloud",
    "pr": 9426,
    "ma": "2020-12-14 19:44:43.000",
    "oa": "2020-12-14 18:46:48.000"
  },
  {
    "uml": "Beijing",
    "gm": {
      "lat": 39.905,
      "lon": 116.39139
    },
    "uol": "Beijing",
    "gop": {
      "lat": 39.905,
      "lon": 116.39139
    },
    "l": "Go",
    "nwo": "yunionio/onecloud",
    "pr": 9427,
    "ma": "2020-12-14 19:44:49.000",
    "oa": "2020-12-14 18:47:28.000"
  },
  {
    "uml": "Denver",
    "gm": {
      "lat": 39.7348,
      "lon": -104.9653
    },
    "uol": "Denver",
    "gop": {
      "lat": 39.7348,
      "lon": -104.9653
    },
    "l": "JavaScript",
    "nwo": "HausDAO/daohaus-web",
    "pr": 468,
    "ma": "2020-12-14 18:47:39.000",
    "oa": "2020-12-14 18:47:34.000"
  },
  {
    "uml": "Beijing",
    "gm": {
      "lat": 39.905,
      "lon": 116.39139
    },
    "uol": "Beijing",
    "gop": {
      "lat": 39.905,
      "lon": 116.39139
    },
    "l": "Go",
    "nwo": "yunionio/onecloud",
    "pr": 9428,
    "ma": "2020-12-14 19:45:18.000",
    "oa": "2020-12-14 18:48:01.000"
  },
  {
    "uml": "Beijing",
    "gm": {
      "lat": 39.905,
      "lon": 116.39139
    },
    "uol": "Beijing",
    "gop": {
      "lat": 39.905,
      "lon": 116.39139
    },
    "l": "Go",
    "nwo": "yunionio/onecloud",
    "pr": 9429,
    "ma": "2020-12-14 19:45:29.000",
    "oa": "2020-12-14 18:48:33.000"
  },
  {
    "uml": "Beijing",
    "gm": {
      "lat": 39.905,
      "lon": 116.39139
    },
    "uol": "Beijing",
    "gop": {
      "lat": 39.905,
      "lon": 116.39139
    },
    "l": "Go",
    "nwo": "yunionio/onecloud",
    "pr": 9430,
    "ma": "2020-12-14 19:45:35.000",
    "oa": "2020-12-14 18:49:07.000"
  },
  {
    "uml": "Beijing",
    "gm": {
      "lat": 39.905,
      "lon": 116.39139
    },
    "uol": "Beijing",
    "gop": {
      "lat": 39.905,
      "lon": 116.39139
    },
    "l": "C",
    "nwo": "taosdata/TDengine",
    "pr": 4569,
    "ma": "2020-12-14 18:52:20.000",
    "oa": "2020-12-14 18:52:10.000"
  },
  {
    "uml": "Beijing",
    "gm": {
      "lat": 39.905,
      "lon": 116.39139
    },
    "uol": "Beijing",
    "gop": {
      "lat": 39.905,
      "lon": 116.39139
    },
    "l": "Shell",
    "nwo": "kaldi-asr/kaldi",
    "pr": 4389,
    "ma": "2020-12-14 18:58:25.000",
    "oa": "2020-12-14 18:58:08.000"
  },
  {
    "uml": "New York City",
    "gm": {
      "lat": 40.7648,
      "lon": -73.9808
    },
    "uol": "New York City",
    "gop": {
      "lat": 40.7648,
      "lon": -73.9808
    },
    "l": "Kotlin",
    "nwo": "code-helix/slatekit",
    "pr": 278,
    "ma": "2020-12-14 19:01:16.000",
    "oa": "2020-12-14 18:58:45.000"
  },
  {
    "uml": "Seattle",
    "gm": {
      "lat": 47.6038,
      "lon": -122.3301
    },
    "uol": "Seattle",
    "gop": {
      "lat": 47.6038,
      "lon": -122.3301
    },
    "l": "TypeScript",
    "nwo": "aws-amplify/amplify-cli",
    "pr": 6183,
    "ma": "2020-12-14 19:34:08.000",
    "oa": "2020-12-14 19:02:38.000"
  },
  {
    "uml": "Canberra",
    "gm": {
      "lat": -35.2819,
      "lon": 149.1289
    },
    "uol": "Canberra",
    "gop": {
      "lat": -35.2819,
      "lon": 149.1289
    },
    "l": "Python",
    "nwo": "GeoscienceAustralia/dea-airflow",
    "pr": 160,
    "ma": "2020-12-14 19:42:19.000",
    "oa": "2020-12-14 19:03:57.000"
  },
  {
    "uml": "San José",
    "gm": {
      "lat": 9.93333,
      "lon": -84.08333
    },
    "uol": "San José",
    "gop": {
      "lat": 9.93333,
      "lon": -84.08333
    },
    "l": "Go",
    "nwo": "noironetworks/aci-containers",
    "pr": 705,
    "ma": "2020-12-14 19:47:15.000",
    "oa": "2020-12-14 19:24:14.000"
  },
  {
    "uml": "Hangzhou",
    "gm": {
      "lat": 30.2741,
      "lon": 120.15507
    },
    "uol": "Hangzhou",
    "gop": {
      "lat": 30.2741,
      "lon": 120.15507
    },
    "l": "TypeScript",
    "nwo": "umijs/umi",
    "pr": 5824,
    "ma": "2020-12-14 19:46:10.000",
    "oa": "2020-12-14 19:29:46.000"
  },
  {
    "uml": "Portland",
    "gm": {
      "lat": 45.5202,
      "lon": -122.6742
    },
    "uol": "Portland",
    "gop": {
      "lat": 45.5202,
      "lon": -122.6742
    },
    "l": "Shell",
    "nwo": "devlinjunker/template.github",
    "pr": 52,
    "ma": "2020-12-14 19:35:48.000",
    "oa": "2020-12-14 19:31:48.000"
  },
  {
    "uml": "Hangzhou",
    "gm": {
      "lat": 30.2741,
      "lon": 120.15507
    },
    "uol": "Hangzhou",
    "gop": {
      "lat": 30.2741,
      "lon": 120.15507
    },
    "l": "TypeScript",
    "nwo": "umijs/umi",
    "pr": 5825,
    "ma": "2020-12-14 19:45:54.000",
    "oa": "2020-12-14 19:32:57.000"
  },
  {
    "uml": "New Zealand",
    "gm": {
      "lat": -41.8388752215127,
      "lon": 171.779900195937
    },
    "uol": "New Zealand",
    "gop": {
      "lat": -41.8388752215127,
      "lon": 171.779900195937
    },
    "l": "JavaScript",
    "nwo": "Automattic/wp-calypso",
    "pr": 48333,
    "ma": "2020-12-14 20:00:09.000",
    "oa": "2020-12-14 19:34:10.000"
  },
  {
    "uml": "Beijing",
    "gm": {
      "lat": 39.905,
      "lon": 116.39139
    },
    "uol": "Beijing",
    "gop": {
      "lat": 39.905,
      "lon": 116.39139
    },
    "l": "Go",
    "nwo": "yunionio/onecloud",
    "pr": 9431,
    "ma": "2020-12-14 19:46:09.000",
    "oa": "2020-12-14 19:35:32.000"
  },
  {
    "uml": "Shenzhen",
    "gm": {
      "lat": 22.535383,
      "lon": 114.05471
    },
    "uol": "Shenzhen",
    "gop": {
      "lat": 22.535383,
      "lon": 114.05471
    },
    "l": "C",
    "nwo": "dart-native/dart_native",
    "pr": 42,
    "ma": "2020-12-14 19:38:11.000",
    "oa": "2020-12-14 19:36:07.000"
  },
  {
    "uml": "Beijing",
    "gm": {
      "lat": 39.905,
      "lon": 116.39139
    },
    "uol": "Beijing",
    "gop": {
      "lat": 39.905,
      "lon": 116.39139
    },
    "l": "Go",
    "nwo": "yunionio/onecloud",
    "pr": 9432,
    "ma": "2020-12-14 19:51:57.000",
    "oa": "2020-12-14 19:36:13.000"
  },
  {
    "uml": "Beijing",
    "gm": {
      "lat": 39.905,
      "lon": 116.39139
    },
    "uol": "Beijing",
    "gop": {
      "lat": 39.905,
      "lon": 116.39139
    },
    "l": "Go",
    "nwo": "yunionio/onecloud",
    "pr": 9433,
    "ma": "2020-12-14 19:54:33.000",
    "oa": "2020-12-14 19:36:54.000"
  },
  {
    "uml": "Beijing",
    "gm": {
      "lat": 39.905,
      "lon": 116.39139
    },
    "uol": "Beijing",
    "gop": {
      "lat": 39.905,
      "lon": 116.39139
    },
    "l": "Go",
    "nwo": "yunionio/onecloud",
    "pr": 9434,
    "ma": "2020-12-14 19:54:36.000",
    "oa": "2020-12-14 19:37:30.000"
  },
  {
    "uml": "Beijing",
    "gm": {
      "lat": 39.905,
      "lon": 116.39139
    },
    "uol": "Beijing",
    "gop": {
      "lat": 39.905,
      "lon": 116.39139
    },
    "l": "Java",
    "nwo": "Talend/tesb-studio-se",
    "pr": 997,
    "ma": "2020-12-14 19:46:45.000",
    "oa": "2020-12-14 19:42:40.000"
  },
  {
    "uml": "South Korea",
    "gm": {
      "lat": 36.5362364654109,
      "lon": 128.168944342317
    },
    "uol": "South Korea",
    "gop": {
      "lat": 36.5362364654109,
      "lon": 128.168944342317
    },
    "l": "HTML",
    "nwo": "bitholla/hollaex-kit",
    "pr": 390,
    "ma": "2020-12-14 19:44:56.000",
    "oa": "2020-12-14 19:43:59.000"
  },
  {
    "uml": "Mountain View",
    "gm": {
      "lat": 37.3856,
      "lon": -122.082
    },
    "uol": "Mountain View",
    "gop": {
      "lat": 37.3856,
      "lon": -122.082
    },
    "l": "Python",
    "nwo": "facebookresearch/hydra",
    "pr": 1210,
    "ma": "2020-12-14 19:59:25.000",
    "oa": "2020-12-14 19:45:27.000"
  },
  {
    "uml": "South Korea",
    "gm": {
      "lat": 36.5362364654109,
      "lon": 128.168944342317
    },
    "uol": "South Korea",
    "gop": {
      "lat": 36.5362364654109,
      "lon": 128.168944342317
    },
    "l": "HTML",
    "nwo": "bitholla/hollaex-kit",
    "pr": 391,
    "ma": "2020-12-14 19:45:45.000",
    "oa": "2020-12-14 19:45:34.000"
  },
  {
    "uml": "People's Republic of China",
    "gm": {
      "lat": 35.4867029846329,
      "lon": 101.901875103385
    },
    "uol": "People's Republic of China",
    "gop": {
      "lat": 35.4867029846329,
      "lon": 101.901875103385
    },
    "l": "Shell",
    "nwo": "LCTT/TranslateProject",
    "pr": 20447,
    "ma": "2020-12-14 19:50:04.000",
    "oa": "2020-12-14 19:48:19.000"
  },
  {
    "uml": "Hong Kong",
    "gm": {
      "lat": 22.27833,
      "lon": 114.15861
    },
    "uol": "Hong Kong",
    "gop": {
      "lat": 22.27833,
      "lon": 114.15861
    },
    "l": "Java",
    "nwo": "OpenAPITools/openapi-generator",
    "pr": 8188,
    "ma": "2020-12-14 19:50:55.000",
    "oa": "2020-12-14 19:48:52.000"
  },
  {
    "uml": "Japan",
    "gm": {
      "lat": 36.3864928218528,
      "lon": 138.592229549504
    },
    "uol": "Japan",
    "gop": {
      "lat": 36.3864928218528,
      "lon": 138.592229549504
    },
    "l": "C++",
    "nwo": "MapIV/eagleye",
    "pr": 60,
    "ma": "2020-12-14 20:00:03.000",
    "oa": "2020-12-14 19:50:09.000"
  },
  {
    "uml": "Portland",
    "gm": {
      "lat": 45.5202,
      "lon": -122.6742
    },
    "uol": "Portland",
    "gop": {
      "lat": 45.5202,
      "lon": -122.6742
    },
    "l": "Shell",
    "nwo": "devlinjunker/template.github",
    "pr": 54,
    "ma": "2020-12-14 20:05:59.000",
    "oa": "2020-12-14 20:03:27.000"
  },
  {
    "uml": "Brazil",
    "gm": {
      "lat": -9.58890301712257,
      "lon": -51.6197890205486
    },
    "uol": "Brazil",
    "gop": {
      "lat": -9.58890301712257,
      "lon": -51.6197890205486
    },
    "l": "JavaScript",
    "nwo": "topcoder-platform/community-app",
    "pr": 5256,
    "ma": "2020-12-14 20:09:56.000",
    "oa": "2020-12-14 20:04:32.000"
  },
  {
    "uml": "People's Republic of China",
    "gm": {
      "lat": 35.4867029846329,
      "lon": 101.901875103385
    },
    "uol": "People's Republic of China",
    "gop": {
      "lat": 35.4867029846329,
      "lon": 101.901875103385
    },
    "l": "Shell",
    "nwo": "LCTT/TranslateProject",
    "pr": 20448,
    "ma": "2020-12-14 20:06:44.000",
    "oa": "2020-12-14 20:04:37.000"
  },
  {
    "uml": "Wuhan",
    "gm": {
      "lat": 30.5725,
      "lon": 114.27917
    },
    "uol": "Wuhan",
    "gop": {
      "lat": 30.5725,
      "lon": 114.27917
    },
    "l": "Python",
    "nwo": "FISCO-BCOS/FISCO-BCOS-DOC",
    "pr": 1090,
    "ma": "2020-12-14 20:09:34.000",
    "oa": "2020-12-14 20:06:54.000"
  },
  {
    "uml": "Canada",
    "gm": {
      "lat": 55.5859012851966,
      "lon": -105.750595856519
    },
    "uol": "Wisconsin",
    "gop": {
      "lat": 44.7131688504,
      "lon": -89.7639108198947
    },
    "l": "Java",
    "nwo": "SpongePowered/SpongeAPI",
    "pr": 2281,
    "ma": "2020-12-14 20:10:00.000",
    "oa": "2020-12-14 20:09:23.000"
  }
]
